time_ms,accel_x_mps2,accel_y_mps2,accel_z_mps2
73060.0,0.98,-6.81,-7.16
89296.0,0.98,-6.79,-7.17
109176.0,0.95,-6.88,-7.1
129116.0,0.96,-6.86,-7.14
149052.0,0.95,-6.88,-7.17
168968.0,0.98,-6.82,-7.21
188876.0,0.98,-6.82,-7.21
209416.0,1.0,-6.89,-7.13
229356.0,1.0,-6.88,-7.14
249284.0,0.94,-6.82,-7.18
269208.0,0.96,-6.8,-7.19
289148.0,0.95,-6.86,-7.15
309080.0,0.95,-6.86,-7.15
329028.0,0.96,-6.83,-7.16
349576.0,0.95,-6.83,-7.14
369500.0,0.94,-6.79,-7.15
389456.0,1.01,-6.87,-7.11
409388.0,1.0,-6.88,-7.12
429332.0,0.96,-6.83,-7.16
449268.0,0.95,-6.86,-7.17
469200.0,0.95,-6.86,-7.17
489744.0,0.98,-6.88,-7.06
509688.0,0.91,-6.86,-7.17
529628.0,0.96,-6.84,-7.15
549560.0,0.96,-6.85,-7.13
569500.0,0.99,-6.88,-7.11
589432.0,0.96,-6.88,-7.16
609372.0,0.93,-6.84,-7.18
629300.0,0.93,-6.84,-7.18
649848.0,0.93,-6.85,-7.16
669784.0,0.94,-6.85,-7.14
689728.0,0.99,-6.85,-7.12
709660.0,0.95,-6.84,-7.17
729596.0,0.98,-6.85,-7.13
749532.0,0.96,-6.82,-7.1
769468.0,0.96,-6.82,-7.1
790000.0,0.98,-6.83,-7.14
809948.0,0.97,-6.85,-7.17
829884.0,0.98,-6.88,-7.16
849800.0,0.97,-6.82,-7.12
869756.0,0.98,-6.83,-7.13
889692.0,0.95,-6.86,-7.19
909640.0,0.98,-6.85,-7.17
929572.0,0.98,-6.85,-7.17
950120.0,0.97,-6.89,-7.13
970080.0,1.01,-6.89,-7.12
990016.0,0.91,-6.83,-7.11
1009956.0,0.99,-6.85,-7.19
1029936.0,1.0,-6.82,-7.18
1049912.0,0.95,-6.86,-7.16
1069884.0,0.97,-6.85,-7.09
1089864.0,0.99,-6.83,-7.17
1109828.0,0.96,-6.82,-7.2
1129824.0,0.96,-6.82,-7.12
1149788.0,0.96,-6.82,-7.12
1169780.0,0.96,-6.84,-7.16
1190348.0,0.96,-6.84,-7.16
1210332.0,0.95,-6.79,-7.14
1230312.0,0.96,-6.82,-7.2
1250288.0,0.94,-6.89,-7.15
1270264.0,0.96,-6.86,-7.16
1290240.0,0.95,-6.85,-7.22
1310216.0,0.98,-6.84,-7.15
1330192.0,0.99,-6.86,-7.2
1350180.0,0.97,-6.84,-7.13
1370136.0,0.91,-6.88,-7.1
1390108.0,0.98,-6.82,-7.16
1410080.0,0.95,-6.85,-7.14
1430056.0,0.95,-6.85,-7.14
1450020.0,1.0,-6.86,-7.18
1470616.0,0.97,-6.83,-7.15
1490580.0,0.97,-6.84,-7.21
1510560.0,0.97,-6.85,-7.14
1530520.0,0.93,-6.86,-7.12
1550504.0,1.0,-6.86,-7.1
1570448.0,0.99,-6.81,-7.17
1590440.0,0.97,-6.84,-7.16
1610396.0,0.94,-6.82,-7.12
1630372.0,0.98,-6.84,-7.16
1650336.0,0.97,-6.83,-7.16
1670312.0,0.99,-6.82,-7.1
1690260.0,0.99,-6.82,-7.1
1710244.0,1.01,-6.86,-7.14
1730820.0,0.98,-6.86,-7.14
1750808.0,0.99,-6.87,-7.18
1770776.0,0.97,-6.87,-7.16
1790760.0,0.98,-6.85,-7.13
1810740.0,0.91,-6.84,-7.11
1830720.0,0.97,-6.81,-7.13
1850708.0,0.98,-6.89,-7.15
1870684.0,0.96,-6.87,-7.14
1890672.0,0.98,-6.85,-7.19
1910644.0,0.96,-6.83,-7.18
1930620.0,0.95,-6.84,-7.16
1950588.0,0.99,-6.85,-7.13
1970576.0,0.94,-6.81,-7.12
1990556.0,0.94,-6.81,-7.12
2010536.0,0.97,-6.88,-7.15
2030516.0,0.98,-6.81,-7.15
2051108.0,0.95,-6.83,-7.16
2071076.0,1.01,-6.84,-7.13
2091044.0,0.93,-6.83,-7.14
2111028.0,0.96,-6.87,-7.15
2131000.0,0.93,-6.85,-7.12
2150968.0,0.93,-6.84,-7.13
2170940.0,0.94,-6.86,-7.15
2190920.0,0.97,-6.85,-7.12
2210904.0,1.02,-6.85,-7.17
2230880.0,0.94,-6.83,-7.16
2250860.0,0.93,-6.82,-7.12
2270836.0,0.97,-6.86,-7.13
2290816.0,0.97,-6.86,-7.13
2310784.0,0.93,-6.89,-7.13
2330780.0,0.96,-6.87,-7.12
2351360.0,0.95,-6.83,-7.13
2371344.0,0.94,-6.85,-7.17
2391324.0,0.96,-6.87,-7.11
2411304.0,0.99,-6.86,-7.2
2431284.0,0.99,-6.84,-7.14
2451260.0,1.0,-6.84,-7.13
2471240.0,0.95,-6.84,-7.14
2491208.0,0.98,-6.84,-7.16
2511192.0,0.95,-6.79,-7.15
2531164.0,1.01,-6.88,-7.09
2551156.0,0.97,-6.86,-7.07
2571124.0,0.99,-6.86,-7.16
2591112.0,0.94,-6.84,-7.16
2611092.0,0.94,-6.84,-7.16
2631080.0,0.96,-6.84,-7.13
2651064.0,0.94,-6.84,-7.13
2671652.0,0.92,-6.84,-7.17
2691624.0,0.92,-6.87,-7.16
2711580.0,0.96,-6.83,-7.2
2731560.0,0.95,-6.86,-7.13
2751524.0,0.99,-6.86,-7.11
2771504.0,0.95,-6.85,-7.14
2791480.0,0.95,-6.87,-7.21
2811460.0,0.99,-6.84,-7.18
2831432.0,0.95,-6.89,-7.18
2851412.0,0.97,-6.84,-7.16
2871392.0,0.96,-6.84,-7.13
2891364.0,0.92,-6.84,-7.15
2911356.0,0.92,-6.84,-7.15
2931324.0,0.96,-6.85,-7.12
2951920.0,1.01,-6.86,-7.11
2971900.0,0.93,-6.85,-7.13
2991884.0,0.97,-6.83,-7.08
3011852.0,0.95,-6.84,-7.15
3031832.0,0.96,-6.86,-7.2
3051816.0,0.97,-6.85,-7.19
3071792.0,0.95,-6.86,-7.15
3091780.0,0.95,-6.85,-7.15
3111748.0,1.01,-6.84,-7.13
3131736.0,0.93,-6.85,-7.13
3151696.0,0.94,-6.84,-7.16
3171688.0,0.95,-6.88,-7.13
3191652.0,0.96,-6.9,-7.15
3211632.0,0.97,-6.84,-7.13
3231596.0,0.97,-6.84,-7.13
3251588.0,0.97,-6.85,-7.15
3272164.0,0.95,-6.85,-7.13
3292156.0,0.96,-6.83,-7.15
3312136.0,0.96,-6.84,-7.12
3332092.0,0.99,-6.79,-7.16
3352072.0,0.97,-6.83,-7.14
3372048.0,0.99,-6.83,-7.13
3392024.0,1.0,-6.84,-7.16
3411988.0,0.95,-6.82,-7.13
3431960.0,0.95,-6.84,-7.14
3451940.0,0.95,-6.88,-7.13
3471924.0,0.94,-6.86,-7.19
3491900.0,0.97,-6.83,-7.15
3511880.0,0.97,-6.83,-7.15
3531852.0,0.95,-6.81,-7.19
3552448.0,0.95,-6.83,-7.15
3572432.0,0.99,-6.85,-7.11
3592412.0,0.96,-6.86,-7.17
3612392.0,0.94,-6.88,-7.15
3632348.0,1.02,-6.85,-7.11
3652328.0,0.97,-6.85,-7.13
3672296.0,0.94,-6.86,-7.21
3692280.0,0.95,-6.86,-7.13
3712256.0,0.92,-6.86,-7.18
3732240.0,0.95,-6.86,-7.19
3752204.0,0.93,-6.85,-7.13
3772184.0,0.94,-6.85,-7.11
3792156.0,0.95,-6.83,-7.12
3812136.0,0.95,-6.83,-7.12
3832120.0,0.98,-6.82,-7.15
3852704.0,0.95,-6.82,-7.11
3872680.0,0.97,-6.83,-7.13
3892660.0,0.97,-6.8,-7.17
3912640.0,0.98,-6.89,-7.15
3932616.0,0.97,-6.89,-7.13
3952596.0,0.95,-6.87,-7.14
3972556.0,0.98,-6.87,-7.18
3992540.0,0.97,-6.85,-7.14
4012512.0,1.0,-6.81,-7.12
4032492.0,0.98,-6.81,-7.1
4052472.0,0.96,-6.82,-7.2
4072456.0,0.99,-6.86,-7.12
4092440.0,0.96,-6.85,-7.12
4112420.0,0.96,-6.85,-7.12
4132404.0,0.99,-6.85,-7.12
4152376.0,0.95,-6.87,-7.16
4172960.0,0.96,-6.83,-7.16
4192924.0,0.93,-6.79,-7.11
4212908.0,0.98,-6.84,-7.15
4232880.0,0.98,-6.85,-7.14
4252868.0,0.94,-6.85,-7.17
4272848.0,0.92,-6.82,-7.12
4292828.0,0.96,-6.82,-7.12
4312804.0,0.98,-6.84,-7.14
4332772.0,0.94,-6.87,-7.17
4352756.0,0.99,-6.9,-7.16
4372732.0,0.97,-6.87,-7.11
4392720.0,1.0,-6.89,-7.17
4412696.0,0.94,-6.87,-7.09
4432676.0,0.94,-6.87,-7.09
4452656.0,1.0,-6.89,-7.13
4473240.0,0.95,-6.88,-7.18
4493224.0,0.96,-6.84,-7.09
4513192.0,0.94,-6.85,-7.12
4533176.0,0.96,-6.82,-7.09
4553148.0,1.01,-6.86,-7.15
4573124.0,0.98,-6.84,-7.16
4593096.0,1.0,-6.85,-7.13
4613088.0,0.96,-6.83,-7.16
4633068.0,0.96,-6.84,-7.09
4653036.0,0.96,-6.86,-7.16
4673008.0,0.95,-6.8,-7.16
4692972.0,0.96,-6.81,-7.11
4712944.0,0.96,-6.81,-7.11
4732920.0,0.97,-6.85,-7.13
4752904.0,0.97,-6.85,-7.13
4773480.0,0.99,-6.85,-7.16
4793472.0,0.94,-6.88,-7.17
4813436.0,0.96,-6.89,-7.13
4833424.0,0.95,-6.88,-7.18
4853392.0,0.99,-6.9,-7.17
4873380.0,1.03,-6.89,-7.13
4893340.0,0.97,-6.86,-7.14
4913332.0,0.99,-6.86,-7.04
4933300.0,0.98,-6.84,-7.16
4953284.0,0.97,-6.84,-7.16
4973264.0,0.93,-6.88,-7.16
4993244.0,0.93,-6.86,-7.15
5013224.0,0.93,-6.86,-7.15
5033192.0,0.96,-6.82,-7.13
5053184.0,0.95,-6.86,-7.17
5073768.0,0.97,-6.88,-7.16
5093764.0,0.98,-6.87,-7.12
5113732.0,0.96,-6.82,-7.08
5133720.0,1.0,-6.83,-7.16
5153692.0,0.94,-6.87,-7.12
5173672.0,0.98,-6.88,-7.13
5193664.0,0.96,-6.81,-7.17
5213636.0,0.97,-6.87,-7.17
5233620.0,1.01,-6.83,-7.16
5253580.0,0.97,-6.88,-7.15
5273564.0,0.97,-6.87,-7.15
5293536.0,0.99,-6.84,-7.14
5313516.0,1.0,-6.93,-7.19
5333496.0,1.0,-6.93,-7.19
5353476.0,0.98,-6.86,-7.17
5373448.0,0.99,-6.85,-7.14
5394024.0,0.98,-6.82,-7.14
5414000.0,0.94,-6.83,-7.13
5433972.0,0.98,-6.83,-7.15
5453952.0,0.95,-6.81,-7.13
5473920.0,0.97,-6.85,-7.17
5493900.0,0.98,-6.84,-7.16
5513864.0,0.97,-6.84,-7.14
5533844.0,0.94,-6.85,-7.16
5553808.0,0.99,-6.82,-7.14
5573796.0,0.97,-6.84,-7.13
5593772.0,0.95,-6.8,-7.09
5613752.0,0.95,-6.8,-7.09
5633720.0,0.95,-6.88,-7.13
5653700.0,0.95,-6.83,-7.13
5674288.0,1.0,-6.86,-7.09
5694268.0,0.97,-6.87,-7.17
5714248.0,0.98,-6.86,-7.15
5734216.0,0.98,-6.85,-7.18
5754200.0,0.94,-6.86,-7.09
5774172.0,0.97,-6.84,-7.12
5794160.0,0.98,-6.87,-7.2
5814132.0,0.99,-6.85,-7.16
5834120.0,0.97,-6.82,-7.15
5854096.0,0.99,-6.86,-7.15
5874084.0,0.96,-6.88,-7.15
5894072.0,0.94,-6.84,-7.15
5914044.0,0.92,-6.9,-7.16
5934024.0,0.92,-6.9,-7.16
5954000.0,0.9,-6.87,-7.13
5974584.0,0.98,-6.81,-7.1
5994556.0,0.95,-6.84,-7.11
6014536.0,0.94,-6.85,-7.14
6034520.0,0.97,-6.89,-7.13
6054496.0,0.97,-6.87,-7.12
6074468.0,0.98,-6.82,-7.12
6094440.0,0.98,-6.83,-7.16
6114404.0,0.98,-6.84,-7.15
6134376.0,0.96,-6.89,-7.15
6154368.0,0.99,-6.88,-7.17
6174336.0,0.97,-6.88,-7.16
6194316.0,0.98,-6.83,-7.17
6214280.0,0.98,-6.83,-7.17
6234276.0,0.95,-6.84,-7.2
6254252.0,0.95,-6.85,-7.16
6274852.0,1.0,-6.83,-7.13
6294836.0,0.95,-6.83,-7.14
6314816.0,0.93,-6.88,-7.1
6334804.0,0.97,-6.84,-7.14
6354780.0,0.96,-6.83,-7.19
6374764.0,0.96,-6.87,-7.14
6394728.0,0.91,-6.85,-7.16
6414720.0,1.01,-6.84,-7.1
6434700.0,0.93,-6.82,-7.09
6454688.0,0.95,-6.8,-7.09
6474652.0,0.98,-6.85,-7.15
6494632.0,0.98,-6.81,-7.16
6514628.0,0.97,-6.84,-7.14
6534600.0,0.99,-6.8,-7.09
6554580.0,0.99,-6.8,-7.09
6574552.0,0.98,-6.85,-7.16
6594520.0,0.96,-6.8,-7.13
6615092.0,0.97,-6.89,-7.13
6635072.0,0.96,-6.85,-7.15
6655040.0,0.94,-6.88,-7.18
6675016.0,0.97,-6.82,-7.15
6695000.0,0.97,-6.87,-7.15
6714976.0,0.99,-6.84,-7.16
6734960.0,0.99,-6.87,-7.2
6754936.0,0.93,-6.85,-7.17
6774920.0,0.95,-6.85,-7.17
6794880.0,0.96,-6.82,-7.13
6814852.0,0.96,-6.85,-7.15
6834804.0,0.96,-6.85,-7.15
6854792.0,0.96,-6.84,-7.13
6875368.0,0.97,-6.84,-7.18
6895356.0,0.96,-6.86,-7.2
6915332.0,0.97,-6.85,-7.09
6935316.0,0.96,-6.84,-7.14
6955288.0,0.99,-6.86,-7.13
6975272.0,0.96,-6.84,-7.15
6995256.0,1.0,-6.85,-7.12
7015228.0,0.95,-6.88,-7.15
7035212.0,0.99,-6.85,-7.16
7055180.0,0.96,-6.9,-7.15
7075168.0,0.96,-6.86,-7.16
7095128.0,0.94,-6.82,-7.13
7115120.0,0.96,-6.84,-7.12
7135096.0,0.96,-6.84,-7.12
7155084.0,0.97,-6.84,-7.13
7175068.0,0.97,-6.79,-7.15
7195664.0,0.95,-6.85,-7.12
7215640.0,0.93,-6.85,-7.14
7235600.0,0.96,-6.85,-7.2
7255576.0,0.97,-6.87,-7.08
7275552.0,0.95,-6.88,-7.2
7295516.0,0.94,-6.84,-7.2
7315492.0,1.0,-6.84,-7.15
7335488.0,0.96,-6.85,-7.12
7355456.0,0.98,-6.81,-7.06
7375436.0,0.96,-6.86,-7.13
7395416.0,0.99,-6.84,-7.18
7415392.0,0.97,-6.84,-7.13
7435372.0,1.0,-6.86,-7.12
7455340.0,1.0,-6.86,-7.12
7475320.0,0.99,-6.84,-7.16
7495888.0,1.0,-6.84,-7.17
7515876.0,0.96,-6.87,-7.13
7535844.0,0.98,-6.87,-7.14
7555840.0,1.01,-6.86,-7.13
7575812.0,0.92,-6.79,-7.12
7595796.0,0.97,-6.85,-7.13
7615776.0,0.96,-6.88,-7.18
7635756.0,0.99,-6.81,-7.17
7655736.0,0.98,-6.83,-7.19
7675704.0,0.97,-6.83,-7.14
7695700.0,0.94,-6.88,-7.16
7715676.0,0.98,-6.83,-7.13
7735672.0,0.96,-6.89,-7.15
7755644.0,0.96,-6.89,-7.15
7775632.0,0.96,-6.85,-7.15
7795608.0,0.99,-6.84,-7.18
7816184.0,0.95,-6.87,-7.12
7836164.0,1.01,-6.86,-7.14
7856144.0,0.97,-6.83,-7.14
7876120.0,0.95,-6.85,-7.17
7896096.0,0.97,-6.82,-7.21
7916072.0,0.98,-6.8,-7.14
7936032.0,0.95,-6.84,-7.13
7956016.0,1.0,-6.86,-7.12
7975996.0,0.98,-6.86,-7.12
7995968.0,0.96,-6.84,-7.09
8015936.0,0.96,-6.87,-7.21
8035920.0,0.97,-6.82,-7.18
8055900.0,0.97,-6.82,-7.18
8075872.0,0.95,-6.87,-7.19
8096452.0,0.97,-6.84,-7.12
8116432.0,0.98,-6.85,-7.18
8136412.0,0.97,-6.83,-7.12
8156384.0,0.96,-6.85,-7.13
8176372.0,0.96,-6.85,-7.13
8196352.0,0.99,-6.82,-7.14
8216324.0,0.96,-6.86,-7.19
8236304.0,0.93,-6.84,-7.2
8256280.0,0.97,-6.87,-7.08
8276252.0,0.96,-6.87,-7.13
8296232.0,0.94,-6.86,-7.16
8316216.0,0.97,-6.85,-7.2
8336188.0,1.0,-6.86,-7.1
8356168.0,1.0,-6.86,-7.1
8376136.0,0.92,-6.9,-7.13
8396120.0,0.97,-6.88,-7.16
8416700.0,0.96,-6.85,-7.19
8436676.0,0.99,-6.87,-7.12
8456644.0,0.93,-6.83,-7.15
8476632.0,0.97,-6.86,-7.18
8496600.0,0.94,-6.78,-7.12
8516580.0,0.95,-6.86,-7.14
8536552.0,0.97,-6.87,-7.12
8556528.0,0.99,-6.82,-7.14
8576496.0,0.95,-6.83,-7.17
8596472.0,0.98,-6.9,-7.2
8616452.0,0.99,-6.86,-7.13
8636432.0,0.99,-6.87,-7.14
8656412.0,0.99,-6.87,-7.14
8676384.0,0.94,-6.82,-7.15
8696988.0,0.98,-6.85,-7.17
8716952.0,0.98,-6.86,-7.1
8736936.0,0.98,-6.84,-7.16
8756900.0,0.95,-6.83,-7.15
8776876.0,0.98,-6.83,-7.14
8796848.0,0.93,-6.84,-7.17
8816832.0,0.96,-6.86,-7.2
8836792.0,0.98,-6.86,-7.19
8856776.0,1.0,-6.85,-7.15
8876752.0,0.98,-6.81,-7.14
8896736.0,0.94,-6.88,-7.14
8916712.0,0.97,-6.84,-7.09
8936684.0,0.97,-6.84,-7.09
8956664.0,0.97,-6.85,-7.16
8976640.0,0.94,-6.85,-7.13
8997232.0,0.96,-6.86,-7.21
9017204.0,0.95,-6.87,-7.13
9037188.0,0.94,-6.87,-7.12
9057156.0,0.96,-6.86,-7.13
9077128.0,0.97,-6.84,-7.17
9097100.0,0.99,-6.87,-7.08
9117084.0,0.98,-6.82,-7.15
9137064.0,0.99,-6.83,-7.18
9157044.0,0.97,-6.84,-7.1
9177020.0,0.96,-6.87,-7.11
9196980.0,0.95,-6.88,-7.17
9216956.0,0.95,-6.81,-7.11
9236928.0,0.95,-6.81,-7.11
9256900.0,0.95,-6.85,-7.17
9277476.0,0.96,-6.84,-7.17
9297456.0,0.97,-6.86,-7.1
9317436.0,0.93,-6.81,-7.11
9337416.0,0.94,-6.83,-7.13
9357388.0,0.92,-6.81,-7.19
9377360.0,0.96,-6.86,-7.14
9397344.0,0.98,-6.8,-7.16
9417316.0,0.93,-6.86,-7.17
9437300.0,0.94,-6.86,-7.14
9457256.0,0.92,-6.83,-7.19
9477244.0,0.95,-6.88,-7.15
9497204.0,0.99,-6.87,-7.15
9517176.0,0.99,-6.87,-7.15
9537132.0,0.94,-6.86,-7.14
9557716.0,0.95,-6.85,-7.14
9577680.0,0.96,-6.83,-7.13
9597656.0,0.97,-6.84,-7.09
9617620.0,1.0,-6.81,-7.14
9637596.0,0.95,-6.82,-7.13
9657560.0,0.93,-6.88,-7.16
9677540.0,0.93,-6.8,-7.15
9697500.0,0.97,-6.85,-7.13
9717480.0,0.97,-6.89,-7.14
9737464.0,0.92,-6.79,-7.13
9757448.0,0.97,-6.84,-7.12
9777424.0,0.98,-6.83,-7.14
9797408.0,0.98,-6.83,-7.14
9817392.0,0.97,-6.82,-7.11
9837980.0,0.99,-6.84,-7.14
9857960.0,1.0,-6.86,-7.15
9877940.0,0.99,-6.85,-7.15
9897920.0,0.93,-6.87,-7.15
9917892.0,0.99,-6.81,-7.2
9937884.0,0.93,-6.84,-7.14
9957872.0,0.96,-6.84,-7.12
9977864.0,0.98,-6.85,-7.13
9997844.0,1.0,-6.86,-7.16
10017816.0,0.94,-6.87,-7.19
10037840.0,0.95,-6.82,-7.13
10057884.0,0.97,-6.86,-7.15
10077912.0,0.99,-6.84,-7.11
10097924.0,0.96,-6.85,-7.1
10117940.0,0.97,-6.86,-7.13
10137972.0,0.94,-6.89,-7.15
10157992.0,0.97,-6.87,-7.15
10178008.0,0.96,-6.81,-7.13
10198044.0,0.97,-6.82,-7.14
10218064.0,1.0,-6.83,-7.18
10238108.0,0.98,-6.84,-7.18
10258116.0,0.95,-6.9,-7.12
10278124.0,0.97,-6.86,-7.15
10298140.0,0.99,-6.85,-7.11
10318168.0,0.97,-6.86,-7.15
10338184.0,0.97,-6.87,-7.21
10358200.0,0.99,-6.87,-7.17
10378228.0,0.94,-6.83,-7.18
10398256.0,0.97,-6.85,-7.15
10418300.0,0.93,-6.82,-7.16
10438316.0,0.95,-6.87,-7.15
10458344.0,0.98,-6.86,-7.09
10478352.0,0.97,-6.86,-7.15
10498368.0,0.96,-6.86,-7.16
10518384.0,0.96,-6.87,-7.13
10538396.0,0.95,-6.89,-7.16
10558408.0,0.97,-6.79,-7.17
10578444.0,0.98,-6.89,-7.12
10598468.0,0.97,-6.85,-7.12
10618472.0,0.99,-6.86,-7.18
10638516.0,0.96,-6.87,-7.16
10658536.0,0.96,-6.84,-7.18
10678556.0,0.97,-6.83,-7.11
10698556.0,0.96,-6.86,-7.2
10718588.0,0.98,-6.86,-7.14
10738612.0,0.95,-6.85,-7.18
10758636.0,0.95,-6.81,-7.16
10778640.0,0.99,-6.83,-7.15
10798664.0,0.98,-6.89,-7.2
10818684.0,0.96,-6.86,-7.11
10838700.0,0.97,-6.85,-7.11
10858716.0,0.99,-6.84,-7.09
10878740.0,0.98,-6.86,-7.17
10898764.0,0.95,-6.82,-7.19
10918764.0,0.97,-6.88,-7.11
10938784.0,0.95,-6.87,-7.14
10958804.0,0.99,-6.85,-7.07
10978828.0,0.98,-6.88,-7.13
10998840.0,0.94,-6.83,-7.11
11018856.0,0.96,-6.84,-7.19
11038900.0,1.0,-6.87,-7.12
11058920.0,0.94,-6.85,-7.16
11078940.0,0.99,-6.8,-7.1
11098952.0,0.95,-6.85,-7.16
11118972.0,0.98,-6.85,-7.12
11139000.0,0.96,-6.83,-7.16
11159024.0,0.95,-6.86,-7.13
11179044.0,0.97,-6.83,-7.23
11199056.0,0.97,-6.84,-7.13
11219100.0,0.95,-6.84,-7.13
11239120.0,0.96,-6.82,-7.11
11259136.0,0.97,-6.84,-7.1
11279156.0,0.99,-6.85,-7.12
11299184.0,0.96,-6.81,-7.16
11319192.0,0.91,-6.87,-7.17
11339208.0,0.97,-6.88,-7.16
11359224.0,0.95,-6.8,-7.16
11379256.0,0.96,-6.85,-7.15
11399296.0,0.97,-6.86,-7.09
11419308.0,0.94,-6.85,-7.13
11439336.0,0.97,-6.84,-7.15
11459364.0,0.94,-6.86,-7.16
11479392.0,0.93,-6.88,-7.14
11499408.0,0.98,-6.83,-7.12
11519412.0,0.99,-6.82,-7.11
11539448.0,1.0,-6.84,-7.12
11559476.0,0.99,-6.82,-7.13
11579504.0,0.99,-6.83,-7.11
11599512.0,0.96,-6.86,-7.13
11619552.0,0.92,-6.9,-7.17
11639572.0,0.97,-6.87,-7.15
11658996.0,0.97,-6.87,-7.15
11679024.0,1.0,-6.88,-7.11
11699036.0,0.95,-6.88,-7.18
11719056.0,1.0,-6.84,-7.15
11739076.0,0.98,-6.84,-7.11
11759096.0,0.97,-6.88,-7.15
11779132.0,0.97,-6.85,-7.14
11799144.0,1.0,-6.84,-7.18
11819176.0,0.99,-6.85,-7.15
11839180.0,0.96,-6.84,-7.13
11859200.0,1.01,-6.85,-7.15
11879204.0,0.95,-6.86,-7.09
11899224.0,0.98,-6.84,-7.14
11919232.0,0.97,-6.85,-7.15
11939252.0,0.96,-6.87,-7.16
11959288.0,0.97,-6.86,-7.12
11979324.0,0.99,-6.85,-7.09
11999344.0,0.97,-6.84,-7.17
12019340.0,0.97,-6.87,-7.17
12039372.0,0.95,-6.87,-7.21
12059396.0,0.94,-6.85,-7.15
12079428.0,0.98,-6.87,-7.17
12099440.0,0.97,-6.84,-7.22
12119464.0,0.95,-6.87,-7.15
12139504.0,0.97,-6.83,-7.14
12159528.0,0.95,-6.86,-7.14
12179572.0,0.95,-6.89,-7.15
12199576.0,0.94,-6.85,-7.17
12219600.0,0.97,-6.85,-7.17
12239616.0,0.97,-6.83,-7.12
12259644.0,0.97,-6.83,-7.11
12279652.0,0.95,-6.86,-7.12
12299680.0,0.97,-6.86,-7.07
12319696.0,0.98,-6.84,-7.15
12339720.0,0.97,-6.85,-7.15
12359744.0,0.98,-6.83,-7.14
12379752.0,0.95,-6.84,-7.12
12399796.0,0.97,-6.85,-7.18
12419808.0,0.98,-6.83,-7.13
12439828.0,0.97,-6.85,-7.18
12459844.0,0.99,-6.82,-7.17
12479864.0,0.92,-6.86,-7.16
12499880.0,0.94,-6.85,-7.18
12519892.0,0.93,-6.83,-7.19
12539920.0,0.95,-6.84,-7.13
12559940.0,0.9,-6.9,-7.16
12579964.0,0.95,-6.85,-7.13
12599984.0,0.99,-6.85,-7.17
12620004.0,0.91,-6.82,-7.11
12640024.0,0.96,-6.81,-7.13
12660052.0,0.98,-6.84,-7.1
12680060.0,0.96,-6.85,-7.12
12700064.0,0.95,-6.82,-7.15
12720092.0,0.94,-6.81,-7.13
12740160.0,0.98,-6.89,-7.14
12760204.0,0.94,-6.89,-7.09
12780216.0,1.02,-6.88,-7.14
12800240.0,0.99,-6.86,-7.18
12820264.0,0.99,-6.85,-7.12
12840288.0,0.96,-6.85,-7.15
12860308.0,0.96,-6.84,-7.13
12880316.0,0.97,-6.85,-7.18
12900336.0,1.0,-6.86,-7.16
12920356.0,0.95,-6.82,-7.19
12940396.0,1.02,-6.83,-7.14
12960404.0,0.95,-6.84,-7.13
12980436.0,0.94,-6.88,-7.11
13000452.0,0.92,-6.85,-7.15
13020476.0,0.95,-6.83,-7.12
13040484.0,0.94,-6.88,-7.14
13060500.0,0.94,-6.87,-7.14
13080508.0,0.97,-6.88,-7.11
13100532.0,1.0,-6.81,-7.13
13120568.0,0.97,-6.83,-7.15
13140576.0,0.95,-6.87,-7.19
13160612.0,0.93,-6.85,-7.13
13180620.0,0.97,-6.85,-7.16
13200628.0,0.95,-6.89,-7.15
13220648.0,0.99,-6.88,-7.15
13240672.0,0.99,-6.86,-7.1
13260676.0,0.98,-6.8,-7.18
13280692.0,0.94,-6.84,-7.1
13300712.0,0.95,-6.85,-7.18
13320744.0,0.97,-6.86,-7.11
13340780.0,0.95,-6.86,-7.16
13360780.0,0.97,-6.82,-7.14
13380816.0,0.97,-6.83,-7.14
13400844.0,1.01,-6.85,-7.2
13420860.0,0.95,-6.84,-7.14
13440872.0,0.97,-6.85,-7.16
13460884.0,0.96,-6.85,-7.18
13480896.0,0.97,-6.9,-7.17
13500904.0,1.02,-6.85,-7.12
13520920.0,0.96,-6.84,-7.17
13540932.0,0.98,-6.82,-7.16
13560976.0,0.96,-6.81,-7.11
13580988.0,0.94,-6.83,-7.24
13600984.0,0.98,-6.87,-7.16
13621008.0,0.95,-6.84,-7.16
13641028.0,0.96,-6.83,-7.18
13661044.0,0.94,-6.83,-7.13
13681064.0,0.98,-6.85,-7.14
13701088.0,0.96,-6.85,-7.05
13721116.0,0.96,-6.9,-7.16
13741124.0,0.98,-6.84,-7.17
13761128.0,1.0,-6.84,-7.08
13781136.0,0.95,-6.87,-7.13
13801136.0,0.99,-6.83,-7.19
13821164.0,0.94,-6.87,-7.14
13841180.0,0.95,-6.85,-7.18
13861208.0,0.96,-6.86,-7.15
13881224.0,0.98,-6.84,-7.12
13901244.0,0.98,-6.84,-7.18
13921272.0,0.99,-6.85,-7.2
13941312.0,0.96,-6.85,-7.13
13961360.0,0.99,-6.86,-7.12
13981360.0,0.94,-6.87,-7.14
14001388.0,1.0,-6.85,-7.18
14021412.0,0.95,-6.84,-7.12
14041444.0,0.94,-6.88,-7.16
14061460.0,0.96,-6.82,-7.14
14081472.0,0.96,-6.87,-7.11
14101488.0,0.92,-6.87,-7.21
14121512.0,0.98,-6.86,-7.13
14141552.0,0.97,-6.87,-7.13
14161560.0,0.96,-6.85,-7.11
14181588.0,0.98,-6.86,-7.15
14201608.0,0.98,-6.85,-7.19
14221636.0,0.99,-6.83,-7.19
14241652.0,0.96,-6.85,-7.17
14261672.0,0.98,-6.88,-7.12
14281708.0,0.91,-6.88,-7.14
14301732.0,1.0,-6.83,-7.14
14321752.0,0.96,-6.84,-7.2
14341764.0,0.99,-6.9,-7.13
14361784.0,0.99,-6.85,-7.13
14381792.0,0.96,-6.83,-7.17
14401812.0,0.99,-6.86,-7.16
14421828.0,0.92,-6.9,-7.11
14441852.0,0.93,-6.86,-7.11
14461876.0,0.92,-6.84,-7.13
14481904.0,0.96,-6.83,-7.17
14501920.0,0.93,-6.83,-7.15
14521936.0,1.02,-6.85,-7.16
14541980.0,0.98,-6.86,-7.15
14562000.0,0.96,-6.84,-7.13
14582012.0,0.93,-6.85,-7.16
14602032.0,0.97,-6.87,-7.18
14622052.0,0.97,-6.84,-7.13
14642076.0,0.98,-6.83,-7.16
14662088.0,0.98,-6.83,-7.13
14682108.0,0.95,-6.88,-7.13
14702144.0,0.98,-6.83,-7.13
14722184.0,0.99,-6.86,-7.17
14742184.0,0.96,-6.85,-7.11
14762212.0,0.98,-6.83,-7.19
14782232.0,1.01,-6.88,-7.18
14802260.0,0.98,-6.86,-7.1
14822256.0,0.99,-6.85,-7.15
14842280.0,0.97,-6.85,-7.13
14862320.0,0.99,-6.88,-7.14
14882340.0,0.98,-6.83,-7.1
14902356.0,0.97,-6.85,-7.1
14922368.0,0.95,-6.82,-7.13
14942404.0,0.97,-6.86,-7.12
14962424.0,0.97,-6.86,-7.11
14982452.0,0.97,-6.86,-7.07
15002460.0,0.97,-6.9,-7.16
15022492.0,0.99,-6.88,-7.15
15042516.0,0.94,-6.88,-7.17
15062536.0,1.02,-6.91,-7.14
15082556.0,0.94,-6.87,-7.12
15102556.0,0.99,-6.88,-7.21
15122600.0,0.95,-6.84,-7.09
15142628.0,0.97,-6.9,-7.15
15162644.0,0.98,-6.84,-7.18
15182660.0,0.98,-6.84,-7.16
15202696.0,0.99,-6.84,-7.13
15222712.0,0.93,-6.85,-7.17
15242744.0,1.0,-6.84,-7.18
15262760.0,0.97,-6.86,-7.13
15282776.0,0.98,-6.86,-7.16
15302204.0,0.98,-6.86,-7.16
15322252.0,0.93,-6.87,-7.15
15342260.0,0.96,-6.85,-7.15
15362300.0,0.96,-6.86,-7.08
15382320.0,0.95,-6.88,-7.18
15402344.0,0.94,-6.83,-7.18
15422360.0,0.99,-6.89,-7.2
15442372.0,0.95,-6.88,-7.14
15462380.0,0.98,-6.87,-7.17
15482408.0,1.0,-6.87,-7.21
15502448.0,1.0,-6.83,-7.21
15522444.0,0.98,-6.85,-7.15
15542480.0,0.95,-6.85,-7.14
15562500.0,0.96,-6.86,-7.11
15582532.0,0.95,-6.85,-7.14
15602544.0,0.94,-6.87,-7.1
15622568.0,0.97,-6.88,-7.16
15642604.0,0.98,-6.87,-7.18
15662632.0,0.98,-6.83,-7.17
15682664.0,0.98,-6.83,-7.14
15702664.0,1.0,-6.83,-7.15
15722688.0,0.95,-6.82,-7.14
15742712.0,0.95,-6.83,-7.11
15762728.0,0.98,-6.8,-7.18
15782712.0,1.0,-6.84,-7.15
15802744.0,0.99,-6.85,-7.08
15822760.0,0.95,-6.87,-7.13
15842776.0,0.98,-6.8,-7.1
15862776.0,0.98,-6.85,-7.13
15882812.0,0.98,-6.84,-7.16
15902856.0,0.98,-6.81,-7.24
15922868.0,0.97,-6.85,-7.14
15942904.0,0.94,-6.86,-7.17
15962928.0,0.99,-6.8,-7.22
15982940.0,0.99,-6.82,-7.16
16002960.0,0.98,-6.85,-7.19
16022964.0,0.98,-6.82,-7.16
16042988.0,0.95,-6.85,-7.2
16063012.0,0.94,-6.85,-7.1
16083032.0,0.93,-6.82,-7.12
16103028.0,1.0,-6.85,-7.09
16123048.0,1.0,-6.83,-7.13
16143052.0,0.97,-6.84,-7.18
16163060.0,0.97,-6.86,-7.13
16183080.0,0.96,-6.83,-7.08
16203096.0,0.95,-6.87,-7.13
16223120.0,0.97,-6.88,-7.12
16243132.0,0.94,-6.82,-7.14
16263144.0,0.93,-6.86,-7.18
16283176.0,0.97,-6.89,-7.2
16303196.0,0.97,-6.88,-7.13
16323200.0,0.97,-6.9,-7.17
16343216.0,0.96,-6.86,-7.13
16363224.0,0.94,-6.86,-7.15
16383228.0,0.94,-6.86,-7.15
16403240.0,0.99,-6.82,-7.15
16423264.0,0.97,-6.87,-7.15
16443280.0,0.99,-6.85,-7.14
16463284.0,0.97,-6.83,-7.22
16483324.0,0.96,-6.85,-7.17
16503360.0,0.99,-6.82,-7.13
16523408.0,0.95,-6.89,-7.16
16543416.0,1.0,-6.87,-7.13
16563432.0,0.98,-6.86,-7.15
16583448.0,0.98,-6.88,-7.17
16603488.0,0.97,-6.88,-7.18
16623500.0,1.02,-6.86,-7.16
16643508.0,0.99,-6.87,-7.16
16663524.0,0.95,-6.85,-7.16
16683552.0,0.95,-6.84,-7.16
16703576.0,0.94,-6.89,-7.13
16723580.0,0.95,-6.84,-7.16
16743620.0,0.96,-6.87,-7.13
16763648.0,0.97,-6.85,-7.16
16783660.0,1.0,-6.84,-7.15
16803672.0,0.94,-6.84,-7.21
16823696.0,0.94,-6.83,-7.12
16843732.0,0.94,-6.87,-7.16
16863764.0,0.96,-6.88,-7.12
16883792.0,0.92,-6.87,-7.13
16903796.0,0.97,-6.86,-7.14
16923836.0,0.97,-6.85,-7.13
16943864.0,0.97,-6.84,-7.15
16963888.0,0.93,-6.87,-7.15
16983900.0,0.98,-6.87,-7.12
17003928.0,0.96,-6.88,-7.11
17023952.0,0.96,-6.81,-7.09
17043976.0,0.99,-6.84,-7.11
17064000.0,0.97,-6.84,-7.13
17083996.0,0.97,-6.86,-7.1
17104024.0,0.96,-6.84,-7.14
17124028.0,0.97,-6.86,-7.16
17144028.0,0.98,-6.85,-7.16
17164052.0,0.99,-6.86,-7.12
17184060.0,0.95,-6.88,-7.13
17204088.0,0.94,-6.86,-7.1
17224100.0,0.95,-6.88,-7.13
17244116.0,0.97,-6.82,-7.09
17264124.0,1.01,-6.85,-7.05
17284124.0,0.95,-6.86,-7.17
17304132.0,0.95,-6.84,-7.15
17324176.0,0.97,-6.84,-7.13
17344188.0,0.94,-6.85,-7.14
17364208.0,0.97,-6.9,-7.17
17384220.0,0.92,-6.87,-7.16
17404240.0,0.94,-6.86,-7.16
17424244.0,0.93,-6.85,-7.13
17444252.0,0.94,-6.83,-7.13
17464264.0,0.97,-6.85,-7.11
17484296.0,1.0,-6.86,-7.15
17504300.0,0.95,-6.87,-7.14
17524320.0,0.97,-6.83,-7.15
17544360.0,0.96,-6.87,-7.15
17564380.0,0.98,-6.83,-7.16
17584396.0,1.01,-6.84,-7.18
17604416.0,0.98,-6.84,-7.15
17624444.0,0.99,-6.85,-7.14
17644468.0,0.94,-6.88,-7.16
17664492.0,0.97,-6.87,-7.15
17684508.0,0.96,-6.88,-7.14
17704528.0,0.99,-6.83,-7.15
17724556.0,0.93,-6.83,-7.14
17744564.0,0.98,-6.84,-7.1
17764576.0,0.96,-6.86,-7.13
17784600.0,0.94,-6.84,-7.14
17804628.0,0.93,-6.85,-7.21
17824636.0,0.97,-6.84,-7.09
17844652.0,0.97,-6.84,-7.18
17864660.0,0.96,-6.85,-7.19
17884692.0,0.96,-6.87,-7.15
17904732.0,0.97,-6.88,-7.05
17924736.0,0.96,-6.82,-7.14
17944776.0,0.98,-6.82,-7.16
17964792.0,0.92,-6.83,-7.12
17984820.0,0.98,-6.85,-7.13
18004828.0,0.93,-6.84,-7.17
18024848.0,1.0,-6.88,-7.15
18044864.0,0.97,-6.86,-7.16
18064888.0,0.96,-6.86,-7.15
18084924.0,0.97,-6.84,-7.12
18104940.0,0.96,-6.85,-7.16
18124980.0,0.97,-6.85,-7.12
18144988.0,1.0,-6.83,-7.14
18165000.0,0.98,-6.86,-7.14
18185024.0,0.93,-6.84,-7.14
18205052.0,0.94,-6.86,-7.14
18225080.0,0.94,-6.77,-7.13
18245112.0,0.93,-6.83,-7.17
18265148.0,0.95,-6.85,-7.14
18285160.0,0.92,-6.8,-7.11
18305188.0,0.97,-6.88,-7.19
18325196.0,0.97,-6.85,-7.16
18345216.0,0.98,-6.9,-7.14
18365224.0,0.99,-6.82,-7.18
18385240.0,0.96,-6.86,-7.12
18405268.0,1.0,-6.85,-7.19
18425276.0,0.99,-6.87,-7.11
18445296.0,0.98,-6.85,-7.11
18465316.0,0.95,-6.86,-7.13
18485360.0,0.96,-6.83,-7.18
18505356.0,0.95,-6.9,-7.15
18525372.0,0.98,-6.82,-7.16
18545396.0,1.0,-6.86,-7.13
18565412.0,0.91,-6.83,-7.21
18585420.0,0.98,-6.87,-7.14
18605448.0,0.97,-6.82,-7.17
18625472.0,0.96,-6.85,-7.09
18645492.0,1.0,-6.82,-7.16
18665504.0,0.95,-6.86,-7.12
18685512.0,0.95,-6.87,-7.2
18705520.0,0.98,-6.86,-7.13
18725524.0,0.97,-6.86,-7.19
18745564.0,0.97,-6.86,-7.13
18765588.0,0.96,-6.87,-7.11
18785620.0,0.96,-6.83,-7.12
18805628.0,0.96,-6.86,-7.12
18825644.0,0.94,-6.86,-7.19
18845660.0,1.01,-6.83,-7.15
18865688.0,0.98,-6.83,-7.15
18885724.0,0.99,-6.81,-7.16
18905728.0,0.96,-6.86,-7.17
18925768.0,0.93,-6.86,-7.14
18945784.0,0.96,-6.81,-7.16
18965808.0,0.94,-6.87,-7.17
18985808.0,0.98,-6.86,-7.16
19005836.0,0.98,-6.83,-7.13
19025848.0,0.97,-6.8,-7.13
19045872.0,0.96,-6.88,-7.11
19065900.0,0.95,-6.85,-7.12
19085920.0,0.96,-6.87,-7.17
19105952.0,0.96,-6.83,-7.12
19125972.0,0.99,-6.82,-7.15
19145980.0,0.95,-6.86,-7.13
19166004.0,0.99,-6.87,-7.13
19186020.0,0.96,-6.83,-7.18
19206040.0,0.97,-6.86,-7.21
19226052.0,0.95,-6.87,-7.16
19246072.0,0.95,-6.83,-7.18
19266100.0,0.97,-6.81,-7.11
19286156.0,0.99,-6.88,-7.15
19306156.0,1.0,-6.79,-7.19
19326172.0,0.95,-6.86,-7.11
19346196.0,0.98,-6.88,-7.15
19366228.0,0.95,-6.86,-7.16
19386240.0,0.94,-6.84,-7.13
19406252.0,0.98,-6.81,-7.18
19426300.0,0.94,-6.82,-7.11
19446324.0,1.0,-6.87,-7.12
19466364.0,0.98,-6.83,-7.16
19486352.0,0.95,-6.83,-7.15
19506380.0,0.96,-6.84,-7.07
19526388.0,0.95,-6.84,-7.16
19546416.0,0.97,-6.8,-7.09
19566428.0,0.99,-6.85,-7.16
19586456.0,1.0,-6.86,-7.13
19606484.0,0.98,-6.92,-7.15
19626504.0,0.99,-6.88,-7.18
19646544.0,0.96,-6.84,-7.17
19666544.0,0.94,-6.85,-7.17
19686596.0,0.9,-6.85,-7.15
19706624.0,0.97,-6.81,-7.17
19726648.0,0.95,-6.85,-7.14
19746640.0,1.0,-6.85,-7.14
19766668.0,0.98,-6.83,-7.14
19786668.0,0.96,-6.86,-7.15
19806680.0,0.99,-6.82,-7.13
19826700.0,0.94,-6.86,-7.13
19846724.0,0.97,-6.82,-7.17
19866764.0,0.93,-6.83,-7.1
19886772.0,0.96,-6.88,-7.17
19906788.0,0.97,-6.89,-7.13
19926812.0,0.95,-6.86,-7.14
19946840.0,0.99,-6.83,-7.18
19966856.0,1.02,-6.83,-7.13
19986888.0,0.94,-6.87,-7.17
20006892.0,0.94,-6.84,-7.12
20026928.0,1.0,-6.85,-7.15
20046972.0,0.94,-6.83,-7.16
20066992.0,1.0,-6.83,-7.16
20087004.0,0.95,-6.82,-7.17
20107032.0,0.99,-6.83,-7.14
20126456.0,0.99,-6.83,-7.14
20146480.0,0.95,-6.85,-7.16
20166480.0,1.01,-6.83,-7.13
20186496.0,0.96,-6.87,-7.15
20206532.0,0.98,-6.88,-7.15
20226556.0,0.94,-6.86,-7.13
20246588.0,0.99,-6.87,-7.1
20266600.0,0.97,-6.88,-7.18
20286644.0,0.96,-6.81,-7.13
20306664.0,0.94,-6.85,-7.18
20326684.0,0.95,-6.85,-7.14
20346692.0,0.98,-6.86,-7.13
20366728.0,0.98,-6.88,-7.15
20386744.0,0.97,-6.91,-7.13
20406772.0,0.98,-6.84,-7.13
20426808.0,0.98,-6.87,-7.16
20446828.0,0.95,-6.85,-7.16
20466880.0,0.97,-6.86,-7.14
20486912.0,0.97,-6.83,-7.12
20506924.0,0.96,-6.81,-7.17
20526936.0,0.98,-6.86,-7.21
20546964.0,0.99,-6.85,-7.12
20567000.0,0.93,-6.83,-7.11
20587032.0,0.97,-6.84,-7.21
20607068.0,0.94,-6.82,-7.17
20627060.0,0.96,-6.82,-7.14
20647112.0,0.97,-6.8,-7.18
20667136.0,1.0,-6.89,-7.15
20687156.0,0.98,-6.84,-7.13
20707164.0,0.97,-6.87,-7.19
20727184.0,1.0,-6.85,-7.1
20747204.0,0.97,-6.82,-7.16
20767228.0,0.99,-6.84,-7.16
20787256.0,0.94,-6.85,-7.15
20807268.0,0.98,-6.82,-7.16
20827308.0,0.98,-6.85,-7.18
20847320.0,0.98,-6.83,-7.15
20867336.0,0.99,-6.86,-7.12
20887356.0,0.97,-6.82,-7.1
20907388.0,0.98,-6.85,-7.15
20927404.0,0.95,-6.88,-7.13
20947408.0,0.96,-6.82,-7.15
20967424.0,0.98,-6.89,-7.13
20987448.0,0.97,-6.84,-7.15
21007496.0,0.99,-6.84,-7.17
21027508.0,0.96,-6.85,-7.17
21047540.0,0.98,-6.82,-7.15
21067556.0,0.92,-6.84,-7.13
21087572.0,0.98,-6.86,-7.13
21107568.0,0.97,-6.84,-7.16
21127580.0,0.98,-6.85,-7.16
21147592.0,0.98,-6.86,-7.14
21167612.0,0.98,-6.83,-7.16
21187644.0,0.97,-6.87,-7.15
21207648.0,0.98,-6.82,-7.1
21227676.0,0.98,-6.84,-7.12
21247696.0,1.01,-6.9,-7.19
21267708.0,0.98,-6.84,-7.13
21287716.0,0.95,-6.87,-7.14
21307736.0,0.95,-6.87,-7.12
21327740.0,1.0,-6.84,-7.16
21347752.0,0.97,-6.85,-7.1
21367764.0,0.99,-6.83,-7.13
21387784.0,0.96,-6.84,-7.14
21407800.0,0.94,-6.84,-7.15
21427804.0,0.95,-6.86,-7.13
21447844.0,0.98,-6.84,-7.14
21467864.0,0.98,-6.83,-7.08
21487864.0,0.95,-6.88,-7.15
21507876.0,1.0,-6.81,-7.13
21527888.0,0.98,-6.83,-7.15
21547896.0,0.98,-6.86,-7.13
21567908.0,0.92,-6.88,-7.2
21587924.0,0.94,-6.84,-7.12
21607944.0,0.95,-6.85,-7.15
21627960.0,0.97,-6.86,-7.15
21647972.0,0.98,-6.84,-7.1
21668000.0,0.95,-6.84,-7.15
21688016.0,1.0,-6.83,-7.12
21708028.0,1.0,-6.81,-7.13
21728048.0,0.94,-6.88,-7.13
21748072.0,0.96,-6.84,-7.13
21768080.0,0.94,-6.84,-7.14
21788092.0,0.98,-6.84,-7.17
21808120.0,0.96,-6.8,-7.13
21828160.0,0.93,-6.86,-7.08
21848168.0,0.96,-6.85,-7.15
21868168.0,0.93,-6.84,-7.16
21888196.0,0.97,-6.82,-7.14
21908216.0,0.99,-6.84,-7.12
21928240.0,0.99,-6.84,-7.2
21948252.0,0.99,-6.83,-7.11
21968268.0,1.01,-6.85,-7.17
21988316.0,1.0,-6.81,-7.16
22008344.0,0.97,-6.85,-7.15
22028384.0,0.99,-6.84,-7.16
22048388.0,1.01,-6.85,-7.13
22068416.0,0.96,-6.85,-7.19
22088448.0,1.0,-6.86,-7.17
22108472.0,0.93,-6.83,-7.14
22128476.0,0.99,-6.87,-7.12
22148504.0,0.96,-6.85,-7.12
22168520.0,0.94,-6.85,-7.17
22188540.0,1.02,-6.85,-7.18
22208560.0,0.93,-6.86,-7.11
22228576.0,0.96,-6.81,-7.15
22248616.0,0.94,-6.85,-7.16
22268644.0,0.97,-6.86,-7.15
22288660.0,0.94,-6.82,-7.16
22308664.0,0.97,-6.88,-7.19
22328692.0,0.96,-6.87,-7.13
22348708.0,0.95,-6.83,-7.13
22368744.0,0.98,-6.83,-7.13
22388756.0,0.98,-6.85,-7.16
22408776.0,0.93,-6.84,-7.14
22428824.0,0.96,-6.81,-7.17
22448852.0,0.97,-6.85,-7.13
22468868.0,1.0,-6.84,-7.14
22488880.0,0.98,-6.82,-7.12
22508900.0,0.94,-6.87,-7.15
22528916.0,0.94,-6.83,-7.14
22548916.0,1.0,-6.87,-7.17
22568920.0,0.99,-6.83,-7.1
22588948.0,0.97,-6.87,-7.18
22608956.0,0.97,-6.83,-7.17
22628956.0,1.0,-6.87,-7.14
22648972.0,1.0,-6.82,-7.11
22668984.0,0.98,-6.83,-7.13
22689020.0,0.97,-6.86,-7.16
22709044.0,0.95,-6.81,-7.16
22729064.0,0.97,-6.84,-7.11
22749072.0,0.96,-6.86,-7.12
22769096.0,0.95,-6.82,-7.16
22789112.0,1.0,-6.87,-7.15
22809140.0,0.96,-6.87,-7.14
22829184.0,0.98,-6.88,-7.17
22849200.0,0.96,-6.86,-7.2
22869200.0,0.98,-6.82,-7.13
22889224.0,0.95,-6.84,-7.16
22909244.0,0.98,-6.85,-7.16
22929252.0,0.94,-6.84,-7.2
22949280.0,0.97,-6.82,-7.15
22969292.0,0.97,-6.85,-7.15
22989320.0,0.97,-6.85,-7.13
23009344.0,0.96,-6.85,-7.11
23029352.0,0.95,-6.85,-7.11
23049396.0,0.98,-6.84,-7.22
23069416.0,0.95,-6.82,-7.12
23089452.0,0.96,-6.85,-7.06
23109456.0,0.96,-6.81,-7.11
23129484.0,0.95,-6.83,-7.18
23149504.0,0.95,-6.83,-7.17
23169532.0,0.93,-6.86,-7.14
23189560.0,0.97,-6.82,-7.13
23209576.0,0.98,-6.8,-7.21
23229604.0,0.97,-6.86,-7.15
23249620.0,0.95,-6.85,-7.13
23269636.0,1.0,-6.86,-7.12
23289648.0,0.97,-6.87,-7.14
23309672.0,0.98,-6.83,-7.16
23329688.0,1.0,-6.82,-7.14
23349700.0,0.95,-6.82,-7.16
23369716.0,0.96,-6.84,-7.18
23389748.0,0.93,-6.87,-7.15
23409804.0,0.96,-6.87,-7.13
23429808.0,0.99,-6.85,-7.14
23449832.0,1.01,-6.84,-7.12
23469868.0,0.99,-6.86,-7.12
23489892.0,0.98,-6.86,-7.1
23509900.0,0.93,-6.83,-7.21
23529916.0,0.96,-6.82,-7.18
23549936.0,0.97,-6.82,-7.14
23569968.0,0.96,-6.87,-7.16
23590012.0,0.95,-6.86,-7.14
23610032.0,0.92,-6.82,-7.2
23630036.0,0.98,-6.83,-7.17
23650068.0,0.97,-6.86,-7.16
23670092.0,1.01,-6.84,-7.16
23690104.0,0.98,-6.87,-7.19
23710108.0,0.94,-6.83,-7.13
23730140.0,0.98,-6.85,-7.09
23750164.0,0.95,-6.83,-7.13
23770192.0,0.99,-6.85,-7.14
23790192.0,0.96,-6.85,-7.14
23810228.0,0.98,-6.83,-7.16
23830248.0,0.95,-6.82,-7.14
23850260.0,0.95,-6.86,-7.18
23870272.0,0.97,-6.85,-7.17
23890296.0,0.96,-6.84,-7.12
23910324.0,0.96,-6.86,-7.14
23930360.0,0.98,-6.86,-7.16
23950360.0,0.97,-6.83,-7.13
23970380.0,0.98,-6.83,-7.17
23990436.0,0.97,-6.82,-7.16
24010444.0,0.94,-6.83,-7.22
24030460.0,0.95,-6.84,-7.15
24050480.0,0.97,-6.86,-7.1
24070504.0,0.98,-6.85,-7.16
24090520.0,0.96,-6.85,-7.16
24110536.0,0.97,-6.88,-7.13
24130556.0,0.98,-6.86,-7.15
24150580.0,0.98,-6.83,-7.2
24170596.0,0.93,-6.84,-7.11
24190596.0,0.96,-6.87,-7.15
24210636.0,0.95,-6.87,-7.14
24230656.0,0.95,-6.85,-7.19
24250680.0,0.95,-6.84,-7.17
24270676.0,0.99,-6.88,-7.15
24290692.0,0.96,-6.85,-7.16
24310708.0,0.96,-6.84,-7.14
24330736.0,0.97,-6.85,-7.14
24350748.0,0.96,-6.9,-7.2
24370768.0,0.93,-6.88,-7.07
24390792.0,0.94,-6.84,-7.12
24410796.0,0.94,-6.88,-7.22
24430824.0,0.94,-6.89,-7.15
24450852.0,0.98,-6.8,-7.14
24470272.0,0.98,-6.8,-7.14
24490296.0,0.93,-6.87,-7.13
24510328.0,0.96,-6.85,-7.16
24530332.0,0.97,-6.84,-7.12
24550364.0,0.99,-6.83,-7.15
24570392.0,0.98,-6.86,-7.18
24590424.0,0.96,-6.84,-7.16
24610420.0,0.97,-6.85,-7.16
24630456.0,0.91,-6.85,-7.09
24650484.0,0.95,-6.87,-7.16
24670504.0,0.96,-6.82,-7.11
24690520.0,0.98,-6.83,-7.17
24710540.0,0.98,-6.86,-7.13
24730560.0,0.98,-6.86,-7.21
24750576.0,0.95,-6.86,-7.1
24770588.0,0.98,-6.87,-7.14
24790608.0,0.97,-6.86,-7.17
24810640.0,0.98,-6.83,-7.17
24830648.0,0.93,-6.83,-7.15
24850680.0,0.92,-6.84,-7.14
24870700.0,0.97,-6.85,-7.14
24890716.0,0.98,-6.84,-7.15
24910724.0,0.99,-6.87,-7.19
24930740.0,0.98,-6.81,-7.19
24950776.0,0.96,-6.8,-7.19
24970816.0,0.97,-6.84,-7.15
24990856.0,0.95,-6.84,-7.11
25010860.0,0.97,-6.84,-7.11
25030884.0,0.96,-6.83,-7.11
25050912.0,0.98,-6.87,-7.12
25070936.0,0.99,-6.83,-7.21
25090952.0,0.99,-6.88,-7.15
25110972.0,0.94,-6.88,-7.23
25130992.0,1.01,-6.85,-7.19
25151016.0,0.98,-6.88,-7.13
25171040.0,0.98,-6.89,-7.12
25191048.0,0.97,-6.83,-7.14
25211088.0,0.99,-6.85,-7.12
25231108.0,1.02,-6.88,-7.15
25251132.0,0.96,-6.87,-7.15
25271132.0,0.97,-6.8,-7.2
25291140.0,0.96,-6.82,-7.16
25311172.0,0.95,-6.82,-7.15
25331192.0,0.95,-6.85,-7.11
25351224.0,0.98,-6.85,-7.17
25371240.0,0.95,-6.85,-7.12
25391284.0,0.97,-6.85,-7.13
25411304.0,0.96,-6.86,-7.13
25431324.0,0.98,-6.86,-7.15
25451332.0,0.97,-6.85,-7.16
25471368.0,0.95,-6.85,-7.22
25491384.0,1.01,-6.85,-7.14
25511416.0,0.98,-6.87,-7.11
25531448.0,0.96,-6.87,-7.11
25551464.0,0.95,-6.88,-7.11
25571508.0,0.95,-6.84,-7.18
25591528.0,0.95,-6.85,-7.13
25611536.0,0.98,-6.83,-7.1
25631548.0,0.98,-6.82,-7.13
25651580.0,0.96,-6.86,-7.11
25671592.0,0.96,-6.83,-7.14
25691596.0,0.96,-6.82,-7.14
25711608.0,0.95,-6.83,-7.1
25731644.0,1.0,-6.85,-7.17
25751692.0,0.97,-6.81,-7.15
25771700.0,0.97,-6.83,-7.16
25791724.0,0.98,-6.85,-7.14
25811752.0,0.93,-6.85,-7.19
25831776.0,0.95,-6.88,-7.16
25851796.0,0.99,-6.86,-7.19
25871800.0,1.0,-6.86,-7.16
25891820.0,0.95,-6.81,-7.12
25911848.0,0.93,-6.85,-7.2
25931864.0,0.95,-6.83,-7.14
25951868.0,0.97,-6.83,-7.13
25971912.0,0.97,-6.85,-7.11
25991936.0,0.94,-6.87,-7.16
26011960.0,0.95,-6.84,-7.14
26031968.0,0.97,-6.82,-7.18
26051992.0,0.96,-6.85,-7.16
26072008.0,0.97,-6.86,-7.15
26092028.0,0.97,-6.86,-7.16
26112060.0,0.97,-6.82,-7.17
26132060.0,0.97,-6.84,-7.13
26152104.0,0.98,-6.83,-7.12
26172132.0,1.02,-6.88,-7.16
26192148.0,1.0,-6.84,-7.15
26212160.0,0.98,-6.87,-7.12
26232196.0,0.97,-6.87,-7.1
26252224.0,0.96,-6.87,-7.11
26272244.0,0.95,-6.83,-7.13
26292256.0,0.94,-6.82,-7.11
26312272.0,0.99,-6.85,-7.15
26332320.0,0.95,-6.86,-7.13
26352336.0,0.97,-6.87,-7.13
26372352.0,0.98,-6.83,-7.13
26392368.0,0.95,-6.86,-7.19
26412392.0,0.97,-6.81,-7.11
26432408.0,1.01,-6.83,-7.2
26452416.0,0.96,-6.87,-7.13
26472432.0,1.01,-6.89,-7.16
26492456.0,0.98,-6.85,-7.13
26512492.0,1.02,-6.87,-7.15
26532500.0,0.95,-6.82,-7.11
26552532.0,0.97,-6.85,-7.18
26572548.0,0.96,-6.87,-7.15
26592580.0,1.01,-6.84,-7.17
26612576.0,0.97,-6.86,-7.1
26632600.0,0.93,-6.82,-7.16
26652616.0,0.98,-6.86,-7.13
26672636.0,0.94,-6.87,-7.14
26692668.0,0.94,-6.84,-7.13
26712680.0,0.95,-6.86,-7.18
26732692.0,0.94,-6.89,-7.08
26752700.0,0.98,-6.89,-7.11
26772708.0,0.96,-6.88,-7.18
26792728.0,0.98,-6.79,-7.16
26812756.0,1.0,-6.89,-7.14
26832752.0,0.97,-6.86,-7.14
26852764.0,1.0,-6.87,-7.14
26872788.0,0.95,-6.86,-7.09
26892808.0,0.95,-6.88,-7.13
26912824.0,0.98,-6.83,-7.15
26932836.0,0.98,-6.84,-7.18
26952860.0,0.95,-6.8,-7.12
26972880.0,1.0,-6.86,-7.17
26992896.0,0.97,-6.85,-7.15
27012916.0,0.99,-6.85,-7.2
27032932.0,0.96,-6.84,-7.12
27052952.0,0.97,-6.86,-7.17
27072964.0,0.95,-6.91,-7.09
27092964.0,1.01,-6.87,-7.22
27113016.0,0.99,-6.85,-7.13
27133068.0,0.94,-6.84,-7.13
27153080.0,0.96,-6.89,-7.13
27173092.0,0.92,-6.87,-7.15
27193124.0,0.96,-6.84,-7.13
27213152.0,1.01,-6.88,-7.13
27233172.0,0.97,-6.84,-7.15
27253184.0,0.96,-6.81,-7.13
27273208.0,0.98,-6.83,-7.18
27293236.0,0.99,-6.88,-7.13
27313276.0,0.99,-6.87,-7.11
27333296.0,0.99,-6.83,-7.18
27353316.0,0.96,-6.9,-7.14
27373336.0,0.96,-6.84,-7.16
27393364.0,1.0,-6.88,-7.18
27413372.0,0.98,-6.88,-7.16
27433384.0,0.98,-6.84,-7.15
27453420.0,0.97,-6.83,-7.17
27473444.0,0.97,-6.86,-7.19
27493484.0,0.97,-6.85,-7.15
27513492.0,0.96,-6.86,-7.13
27533520.0,0.99,-6.87,-7.15
27553540.0,0.95,-6.87,-7.13
27573560.0,0.95,-6.82,-7.13
27593556.0,0.98,-6.86,-7.15
27613584.0,0.96,-6.8,-7.13
27633592.0,0.97,-6.85,-7.14
27653616.0,0.94,-6.82,-7.14
27673616.0,0.93,-6.83,-7.17
27693636.0,1.0,-6.85,-7.18
27713664.0,0.96,-6.79,-7.11
27733680.0,0.99,-6.83,-7.14
27753700.0,0.95,-6.87,-7.13
27773716.0,1.0,-6.84,-7.14
27793748.0,0.94,-6.82,-7.15
27813756.0,0.98,-6.82,-7.1
27833772.0,0.98,-6.89,-7.14
27853808.0,0.97,-6.85,-7.15
27873840.0,0.96,-6.84,-7.12
27893884.0,0.96,-6.85,-7.13
27913904.0,0.97,-6.85,-7.13
27933928.0,0.98,-6.85,-7.14
27953944.0,0.95,-6.88,-7.15
27973352.0,0.95,-6.88,-7.15
27993980.0,0.96,-6.86,-7.11
28014004.0,0.96,-6.84,-7.11
28033432.0,0.96,-6.84,-7.11
28053460.0,0.94,-6.86,-7.16
28073484.0,0.93,-6.83,-7.15
28093508.0,0.97,-6.84,-7.17
28113524.0,1.01,-6.87,-7.17
28133572.0,0.98,-6.85,-7.11
28153600.0,0.99,-6.87,-7.11
28173624.0,0.93,-6.87,-7.14
28193628.0,0.94,-6.9,-7.12
28213656.0,0.99,-6.88,-7.15
28233680.0,0.93,-6.85,-7.18
28253700.0,0.92,-6.87,-7.1
28273708.0,0.97,-6.82,-7.13
28293728.0,0.99,-6.83,-7.11
28313760.0,0.91,-6.87,-7.15
28333768.0,0.91,-6.87,-7.15
28353788.0,0.96,-6.88,-7.18
28373804.0,0.97,-6.88,-7.15
28393824.0,0.99,-6.83,-7.12
28413844.0,0.97,-6.82,-7.17
28433856.0,0.95,-6.85,-7.14
28453864.0,0.96,-6.86,-7.18
28473896.0,0.99,-6.86,-7.16
28493932.0,1.0,-6.84,-7.13
28513940.0,0.96,-6.85,-7.15
28533980.0,0.96,-6.86,-7.18
28553996.0,0.96,-6.9,-7.15
28574024.0,0.99,-6.88,-7.17
28594036.0,0.98,-6.83,-7.16
28614052.0,0.96,-6.9,-7.13
28634076.0,0.97,-6.83,-7.14
28654104.0,0.96,-6.83,-7.17
28674144.0,1.01,-6.87,-7.18
28694152.0,0.99,-6.84,-7.17
28714188.0,0.95,-6.81,-7.14
28734204.0,0.97,-6.82,-7.1
28754232.0,0.97,-6.87,-7.1
28774228.0,0.96,-6.86,-7.19
28794256.0,0.96,-6.79,-7.14
28814300.0,0.95,-6.86,-7.08
28834328.0,1.0,-6.85,-7.11
28854364.0,0.93,-6.83,-7.1
28874364.0,1.0,-6.84,-7.18
28894392.0,0.99,-6.82,-7.1
28914408.0,0.95,-6.82,-7.18
28934428.0,0.99,-6.9,-7.12
28954440.0,0.97,-6.88,-7.16
28974464.0,0.97,-6.86,-7.13
28994476.0,0.93,-6.86,-7.17
29014492.0,0.97,-6.83,-7.13
29034512.0,0.98,-6.81,-7.17
29054520.0,0.98,-6.88,-7.15
29074560.0,0.97,-6.83,-7.17
29094572.0,0.95,-6.85,-7.15
29114600.0,0.96,-6.86,-7.18
29134632.0,0.96,-6.85,-7.13
29154656.0,0.94,-6.86,-7.21
29174676.0,0.93,-6.79,-7.13
29194692.0,0.96,-6.81,-7.11
29214704.0,0.96,-6.84,-7.14
29234716.0,0.96,-6.86,-7.16
29254752.0,0.97,-6.86,-7.13
29274760.0,0.93,-6.83,-7.17
29294800.0,0.94,-6.85,-7.13
29314828.0,0.95,-6.9,-7.09
29334844.0,0.96,-6.86,-7.14
29354848.0,0.97,-6.81,-7.16
29374872.0,0.98,-6.85,-7.18
29394896.0,0.99,-6.83,-7.12
29414920.0,0.95,-6.91,-7.15
29434936.0,0.96,-6.84,-7.16
29454952.0,0.99,-6.85,-7.15
29474984.0,0.94,-6.85,-7.13
29495008.0,0.98,-6.87,-7.17
29515028.0,0.98,-6.89,-7.21
29535040.0,0.99,-6.82,-7.11
29555084.0,0.95,-6.83,-7.11
29575108.0,0.92,-6.88,-7.11
29595128.0,0.95,-6.87,-7.12
29615164.0,0.97,-6.86,-7.16
29635176.0,0.96,-6.84,-7.1
29655196.0,0.93,-6.86,-7.14
29675216.0,0.93,-6.85,-7.14
29695228.0,0.96,-6.85,-7.14
29715248.0,0.94,-6.84,-7.15
29735268.0,0.97,-6.85,-7.13
29755288.0,0.96,-6.89,-7.17
29775320.0,0.97,-6.84,-7.18
29795352.0,0.97,-6.87,-7.19
29815372.0,0.98,-6.81,-7.18
29835428.0,1.0,-6.83,-7.11
29855448.0,0.99,-6.89,-7.13
29875472.0,0.97,-6.87,-7.14
29895488.0,0.95,-6.8,-7.15
29915520.0,0.97,-6.81,-7.15
29935552.0,0.9,-6.84,-7.15
29955568.0,0.96,-6.85,-7.16
29975584.0,0.96,-6.86,-7.14
29995604.0,0.99,-6.89,-7.13
30015644.0,0.96,-6.83,-7.18
30035668.0,0.99,-6.87,-7.14
30055684.0,0.96,-6.87,-7.17
30075696.0,0.91,-6.86,-7.17
30095728.0,0.98,-6.82,-7.1
30115736.0,0.98,-6.83,-7.15
30135760.0,0.94,-6.86,-7.19
30155780.0,0.96,-6.86,-7.16
30175808.0,0.98,-6.85,-7.16
30195852.0,0.95,-6.82,-7.18
30215864.0,0.97,-6.84,-7.17
30235876.0,1.0,-6.84,-7.17
30255904.0,0.97,-6.89,-7.17
30275936.0,0.95,-6.83,-7.15
30295956.0,1.01,-6.86,-7.21
30315992.0,0.97,-6.85,-7.17
30336016.0,0.95,-6.89,-7.09
30356020.0,0.98,-6.85,-7.15
30376044.0,0.93,-6.86,-7.18
30396052.0,0.94,-6.85,-7.11
30416092.0,0.99,-6.83,-7.18
30436116.0,0.96,-6.86,-7.12
30456148.0,0.98,-6.87,-7.15
30476156.0,0.99,-6.86,-7.18
30496172.0,0.95,-6.86,-7.16
30515600.0,0.95,-6.86,-7.16
30535636.0,0.93,-6.83,-7.14
30555684.0,0.96,-6.87,-7.12
30575704.0,0.97,-6.87,-7.18
30595700.0,0.93,-6.83,-7.15
30615752.0,0.97,-6.85,-7.11
30635768.0,0.99,-6.87,-7.09
30655784.0,0.94,-6.86,-7.11
30675792.0,1.0,-6.87,-7.16
30695820.0,0.98,-6.87,-7.15
30715844.0,0.96,-6.84,-7.11
30735856.0,0.99,-6.87,-7.14
30755872.0,1.0,-6.86,-7.22
30775900.0,0.96,-6.87,-7.15
30795948.0,0.97,-6.84,-7.17
30815972.0,0.97,-6.82,-7.16
30835992.0,0.95,-6.85,-7.07
30856004.0,0.94,-6.84,-7.12
30876044.0,0.97,-6.86,-7.2
30896064.0,0.95,-6.83,-7.14
30916088.0,0.98,-6.85,-7.12
30936124.0,0.96,-6.88,-7.11
30956136.0,0.98,-6.85,-7.11
30976172.0,0.94,-6.83,-7.13
30996196.0,0.96,-6.86,-7.21
31016204.0,0.98,-6.86,-7.18
31036220.0,0.97,-6.86,-7.17
31056252.0,0.97,-6.83,-7.17
31076268.0,0.91,-6.89,-7.15
31096308.0,1.01,-6.86,-7.14
31116348.0,0.97,-6.85,-7.15
31136360.0,0.95,-6.87,-7.13
31156404.0,0.98,-6.86,-7.14
31176428.0,0.96,-6.82,-7.15
31196444.0,0.99,-6.82,-7.16
31216452.0,0.99,-6.88,-7.15
31236488.0,0.97,-6.87,-7.14
31256516.0,0.97,-6.82,-7.18
31276528.0,0.94,-6.87,-7.2
31296540.0,0.94,-6.84,-7.1
31316556.0,0.95,-6.89,-7.12
31336604.0,0.97,-6.82,-7.14
31356624.0,0.92,-6.81,-7.23
31376640.0,0.94,-6.88,-7.19
31396652.0,0.98,-6.83,-7.14
31416676.0,0.96,-6.85,-7.1
31436696.0,0.96,-6.89,-7.2
31456700.0,0.98,-6.81,-7.12
31476720.0,1.0,-6.88,-7.12
31496756.0,0.95,-6.85,-7.1
31516780.0,0.96,-6.83,-7.15
31536792.0,0.99,-6.84,-7.19
31556812.0,0.99,-6.82,-7.1
31576832.0,0.97,-6.86,-7.09
31596844.0,0.92,-6.86,-7.14
31616856.0,0.96,-6.87,-7.18
31636880.0,0.99,-6.87,-7.16
31656904.0,1.01,-6.85,-7.14
31676920.0,1.0,-6.86,-7.17
31696952.0,0.96,-6.87,-7.22
31716968.0,0.96,-6.83,-7.18
31737012.0,0.99,-6.84,-7.12
31757040.0,0.99,-6.91,-7.14
31777064.0,1.01,-6.82,-7.04
31797064.0,0.97,-6.84,-7.18
31817096.0,0.96,-6.86,-7.16
31837120.0,0.96,-6.9,-7.13
31857144.0,1.0,-6.87,-7.14
31877156.0,0.96,-6.84,-7.11
31897172.0,0.92,-6.85,-7.17
31917220.0,0.99,-6.84,-7.19
31937244.0,0.96,-6.91,-7.12
31957268.0,1.01,-6.85,-7.18
31977272.0,0.98,-6.79,-7.16
31997304.0,0.97,-6.83,-7.16
32017320.0,0.99,-6.86,-7.19
32037336.0,0.99,-6.87,-7.16
32057352.0,0.95,-6.85,-7.12
32077376.0,0.95,-6.87,-7.13
32097420.0,0.99,-6.83,-7.13
32117432.0,0.99,-6.85,-7.18
32137436.0,0.94,-6.84,-7.18
32157460.0,0.95,-6.84,-7.15
32177480.0,0.94,-6.86,-7.16
32197492.0,0.96,-6.84,-7.12
32217512.0,0.97,-6.86,-7.14
32237536.0,0.96,-6.82,-7.14
32257572.0,0.96,-6.86,-7.15
32277612.0,0.96,-6.84,-7.16
32297620.0,0.93,-6.85,-7.12
32317648.0,0.98,-6.83,-7.19
32337668.0,0.99,-6.84,-7.15
32357700.0,0.97,-6.86,-7.17
32377716.0,0.96,-6.85,-7.14
32397732.0,0.96,-6.87,-7.11
32417772.0,0.97,-6.87,-7.1
32437800.0,0.98,-6.82,-7.19
32457820.0,0.95,-6.84,-7.18
32477824.0,0.98,-6.84,-7.13
32497840.0,0.94,-6.89,-7.18
32517860.0,0.99,-6.87,-7.11
32537880.0,0.94,-6.86,-7.25
32557892.0,0.94,-6.84,-7.14
32577928.0,0.96,-6.85,-7.13
32597952.0,0.95,-6.81,-7.17
32617976.0,0.93,-6.87,-7.12
32638008.0,0.97,-6.79,-7.08
32658012.0,0.95,-6.82,-7.1
32678044.0,0.98,-6.84,-7.15
32698064.0,0.97,-6.83,-7.14
32718068.0,0.96,-6.85,-7.12
32738088.0,0.94,-6.87,-7.16
32758112.0,0.97,-6.87,-7.15
32778132.0,0.97,-6.89,-7.1
32798140.0,0.97,-6.87,-7.17
32818168.0,0.97,-6.86,-7.13
32838208.0,0.99,-6.9,-7.13
32858228.0,0.97,-6.87,-7.18
32878232.0,0.97,-6.83,-7.12
32898268.0,0.99,-6.85,-7.14
32918296.0,0.95,-6.83,-7.14
32938324.0,0.97,-6.87,-7.13
32958332.0,0.95,-6.84,-7.16
32978336.0,0.97,-6.85,-7.15
32998364.0,0.97,-6.85,-7.1
33018388.0,0.95,-6.83,-7.17
33038424.0,0.98,-6.86,-7.16
33058420.0,0.95,-6.79,-7.14
33078472.0,0.97,-6.85,-7.1
33097888.0,0.97,-6.85,-7.1
33117908.0,0.99,-6.85,-7.11
33137916.0,0.96,-6.81,-7.1
33157940.0,0.94,-6.84,-7.15
33177972.0,0.99,-6.86,-7.14
33197988.0,0.97,-6.85,-7.15
33217996.0,0.98,-6.88,-7.14
33238016.0,0.96,-6.88,-7.1
33258036.0,0.95,-6.86,-7.17
33278088.0,1.01,-6.84,-7.14
33298100.0,0.95,-6.84,-7.1
33318112.0,0.95,-6.86,-7.08
33338132.0,1.0,-6.86,-7.1
33358164.0,0.99,-6.84,-7.14
33378172.0,1.01,-6.83,-7.16
33398188.0,0.99,-6.83,-7.16
33418224.0,0.95,-6.84,-7.09
33438252.0,0.97,-6.84,-7.12
33458292.0,1.0,-6.85,-7.17
33478296.0,0.98,-6.83,-7.13
33498332.0,0.95,-6.86,-7.16
33518356.0,0.93,-6.84,-7.13
33538388.0,0.97,-6.83,-7.1
33558396.0,0.98,-6.85,-7.14
33578412.0,0.99,-6.87,-7.13
33598452.0,1.01,-6.82,-7.13
33618496.0,0.94,-6.84,-7.21
33638528.0,0.95,-6.85,-7.19
33658528.0,0.96,-6.87,-7.15
33678560.0,0.99,-6.84,-7.18
33698580.0,0.97,-6.89,-7.09
33718616.0,0.97,-6.85,-7.17
33738612.0,0.96,-6.83,-7.11
33758632.0,0.98,-6.87,-7.15
33778672.0,0.99,-6.82,-7.12
33798708.0,0.96,-6.85,-7.08
33818716.0,0.97,-6.82,-7.09
33838720.0,0.95,-6.83,-7.14
33858760.0,0.91,-6.86,-7.11
33878784.0,0.95,-6.85,-7.14
33898808.0,1.0,-6.88,-7.15
33918800.0,0.94,-6.88,-7.17
33938832.0,0.96,-6.85,-7.2
33958852.0,0.97,-6.87,-7.15
33978872.0,0.92,-6.83,-7.19
33998908.0,0.95,-6.83,-7.14
34018924.0,0.97,-6.84,-7.13
34038964.0,0.95,-6.83,-7.12
34058984.0,0.98,-6.8,-7.18
34079000.0,0.96,-6.8,-7.15
34099012.0,0.98,-6.88,-7.07
34119032.0,0.98,-6.86,-7.16
34139048.0,0.93,-6.82,-7.2
34159060.0,0.98,-6.86,-7.14
34179068.0,0.96,-6.85,-7.12
34199096.0,0.94,-6.87,-7.16
34219148.0,0.94,-6.83,-7.14
34239152.0,0.98,-6.81,-7.21
34259180.0,0.96,-6.88,-7.11
34279208.0,0.99,-6.81,-7.04
34299224.0,0.96,-6.83,-7.2
34319244.0,0.96,-6.83,-7.18
34339260.0,0.96,-6.83,-7.14
34359288.0,0.95,-6.91,-7.13
34379320.0,0.97,-6.9,-7.12
34399340.0,0.95,-6.83,-7.22
34419348.0,0.94,-6.8,-7.15
34439368.0,0.94,-6.85,-7.13
34459392.0,0.96,-6.9,-7.11
34479416.0,0.94,-6.85,-7.2
34499420.0,0.96,-6.8,-7.18
34519440.0,0.97,-6.82,-7.18
34539460.0,0.97,-6.89,-7.11
34559500.0,0.96,-6.89,-7.12
34579544.0,0.99,-6.82,-7.14
34599552.0,0.95,-6.85,-7.16
34619576.0,0.98,-6.86,-7.12
34639604.0,0.93,-6.9,-7.11
34659632.0,0.96,-6.89,-7.14
34679640.0,0.97,-6.84,-7.17
34699664.0,1.02,-6.86,-7.12
34719700.0,0.99,-6.86,-7.14
34739736.0,0.95,-6.83,-7.13
34759772.0,0.97,-6.89,-7.14
34779776.0,0.96,-6.86,-7.19
34799800.0,0.94,-6.85,-7.12
34819832.0,0.96,-6.82,-7.13
34839856.0,1.01,-6.85,-7.09
34859868.0,0.95,-6.84,-7.15
34879896.0,0.95,-6.82,-7.14
34899908.0,0.93,-6.85,-7.14
34919928.0,0.99,-6.84,-7.05
34939940.0,0.98,-6.86,-7.17
34959944.0,0.97,-6.87,-7.16
34979992.0,0.98,-6.87,-7.1
35000020.0,0.96,-6.85,-7.11
35020036.0,0.99,-6.85,-7.14
35040052.0,0.94,-6.9,-7.13
35060080.0,0.98,-6.88,-7.2
35080100.0,1.0,-6.84,-7.16
35100120.0,0.93,-6.83,-7.16
35120140.0,0.98,-6.83,-7.16
35140164.0,0.94,-6.85,-7.1
35160192.0,0.96,-6.83,-7.12
35180212.0,0.96,-6.89,-7.19
35200252.0,0.95,-6.79,-7.2
35220272.0,0.92,-6.86,-7.12
35240304.0,0.94,-6.84,-7.23
35260324.0,0.94,-6.86,-7.2
35280340.0,0.96,-6.84,-7.16
35300356.0,0.96,-6.85,-7.1
35320376.0,0.94,-6.88,-7.13
35340416.0,0.94,-6.86,-7.23
35360432.0,0.98,-6.85,-7.19
35380444.0,0.95,-6.84,-7.14
35400460.0,0.96,-6.8,-7.18
35420484.0,0.97,-6.9,-7.15
35440488.0,0.95,-6.86,-7.16
35460500.0,0.99,-6.87,-7.13
35480520.0,0.96,-6.88,-7.15
35500540.0,1.0,-6.85,-7.16
35520572.0,0.94,-6.84,-7.12
35540584.0,0.96,-6.84,-7.14
35560628.0,0.96,-6.86,-7.17
35580648.0,0.97,-6.81,-7.13
35600668.0,0.92,-6.87,-7.16
35620680.0,0.99,-6.82,-7.2
35640700.0,0.99,-6.84,-7.15
35660724.0,0.98,-6.84,-7.14
35680752.0,0.92,-6.83,-7.12
35700780.0,0.96,-6.88,-7.12
35720200.0,0.96,-6.88,-7.12
35740220.0,0.97,-6.85,-7.13
35760264.0,0.96,-6.87,-7.2
35780276.0,0.98,-6.82,-7.16
35800304.0,0.99,-6.82,-7.11
35820328.0,0.95,-6.83,-7.16
35840352.0,0.97,-6.83,-7.14
35860368.0,0.98,-6.84,-7.15
35880372.0,0.93,-6.83,-7.13
35900396.0,0.98,-6.87,-7.13
35920412.0,0.96,-6.86,-7.19
35940448.0,0.96,-6.84,-7.15
35960444.0,0.94,-6.9,-7.18
35980468.0,0.98,-6.88,-7.16
36000488.0,0.93,-6.88,-7.11
36020496.0,0.97,-6.82,-7.13
36040516.0,0.96,-6.83,-7.14
36060548.0,1.0,-6.84,-7.16
36080580.0,1.0,-6.87,-7.15
36100604.0,1.0,-6.84,-7.12
36120632.0,0.96,-6.85,-7.19
36140648.0,0.97,-6.85,-7.2
36160676.0,0.95,-6.84,-7.14
36180696.0,0.95,-6.82,-7.18
36200708.0,0.95,-6.82,-7.18
36220720.0,0.95,-6.85,-7.16
36240752.0,0.97,-6.85,-7.11
36260772.0,0.96,-6.85,-7.09
36280792.0,0.98,-6.86,-7.13
36300812.0,0.98,-6.82,-7.2
36320832.0,0.98,-6.88,-7.13
36340872.0,0.97,-6.86,-7.13
36360884.0,1.0,-6.84,-7.23
36380900.0,0.97,-6.85,-7.12
36400928.0,0.96,-6.85,-7.16
36420952.0,0.94,-6.84,-7.14
36440968.0,0.95,-6.81,-7.16
36460992.0,0.98,-6.84,-7.15
36481008.0,0.99,-6.86,-7.15
36501044.0,0.97,-6.82,-7.15
36521100.0,0.97,-6.88,-7.13
36541112.0,0.94,-6.77,-7.15
36561152.0,0.96,-6.83,-7.15
36581168.0,0.95,-6.86,-7.16
36601200.0,0.98,-6.84,-7.18
36621220.0,0.96,-6.85,-7.11
36641236.0,0.96,-6.87,-7.08
36661256.0,0.96,-6.83,-7.17
36681268.0,0.97,-6.89,-7.11
36701312.0,0.97,-6.85,-7.13
36721328.0,0.99,-6.85,-7.13
36741360.0,0.98,-6.84,-7.12
36761384.0,0.98,-6.86,-7.11
36781408.0,0.99,-6.85,-7.17
36801416.0,0.98,-6.87,-7.15
36821436.0,0.94,-6.89,-7.13
36841456.0,0.95,-6.81,-7.14
36861492.0,0.96,-6.86,-7.15
36881536.0,0.95,-6.83,-7.16
36901548.0,0.97,-6.86,-7.12
36921576.0,0.96,-6.84,-7.11
36941608.0,1.01,-6.81,-7.09
36961632.0,0.97,-6.82,-7.16
36981652.0,0.96,-6.82,-7.14
37001668.0,0.95,-6.88,-7.15
37021668.0,0.97,-6.79,-7.16
37041696.0,1.02,-6.88,-7.17
37061732.0,0.98,-6.86,-7.09
37081736.0,0.93,-6.85,-7.21
37101760.0,0.97,-6.85,-7.15
37121784.0,0.96,-6.87,-7.18
37141808.0,0.92,-6.84,-7.13
37161820.0,0.98,-6.86,-7.13
37181840.0,0.97,-6.85,-7.1
37201856.0,0.97,-6.82,-7.13
37221884.0,0.96,-6.84,-7.13
37241920.0,0.94,-6.85,-7.11
37261928.0,0.95,-6.86,-7.1
37281948.0,1.0,-6.86,-7.19
37301960.0,0.96,-6.85,-7.13
37321980.0,0.98,-6.82,-7.19
37342004.0,0.96,-6.85,-7.13
37362032.0,0.94,-6.87,-7.14
37382052.0,0.98,-6.85,-7.17
37402072.0,0.98,-6.85,-7.16
37422108.0,0.98,-6.85,-7.16
37442124.0,0.97,-6.89,-7.17
37462180.0,0.97,-6.88,-7.17
37482200.0,0.99,-6.83,-7.08
37502212.0,1.0,-6.84,-7.14
37522228.0,0.96,-6.88,-7.12
37542276.0,0.93,-6.85,-7.14
37562304.0,0.96,-6.86,-7.16
37582328.0,0.98,-6.85,-7.18
37602340.0,0.98,-6.86,-7.17
37622352.0,0.97,-6.86,-7.12
37642404.0,0.97,-6.85,-7.17
37662424.0,0.95,-6.84,-7.13
37682436.0,0.98,-6.83,-7.1
37702452.0,0.95,-6.84,-7.07
37722484.0,0.98,-6.89,-7.12
37742504.0,0.95,-6.85,-7.19
37762520.0,0.96,-6.84,-7.15
37782524.0,0.95,-6.82,-7.18
37802560.0,0.97,-6.85,-7.19
37822608.0,0.95,-6.85,-7.15
37842620.0,0.97,-6.84,-7.13
37862640.0,0.93,-6.86,-7.16
37882664.0,0.99,-6.84,-7.15
37902688.0,0.94,-6.88,-7.13
37922708.0,0.97,-6.86,-7.18
37942720.0,0.95,-6.82,-7.15
37962728.0,0.96,-6.86,-7.13
37982748.0,0.96,-6.86,-7.12
38002784.0,0.96,-6.88,-7.17
38022792.0,0.98,-6.82,-7.14
38042832.0,1.0,-6.92,-7.13
38062852.0,0.98,-6.82,-7.15
38082272.0,0.98,-6.82,-7.15
38102292.0,0.97,-6.83,-7.18
38122916.0,0.98,-6.89,-7.15
38142332.0,0.98,-6.89,-7.15
38162348.0,1.01,-6.84,-7.15
38182976.0,0.98,-6.83,-7.1
38202984.0,0.95,-6.86,-7.1
38222396.0,0.95,-6.86,-7.1
38243028.0,0.95,-6.84,-7.18
38263028.0,0.95,-6.85,-7.15
38283052.0,1.01,-6.85,-7.17
38302468.0,1.01,-6.85,-7.17
38322500.0,0.95,-6.86,-7.12
38342512.0,0.97,-6.83,-7.15
38362524.0,0.98,-6.82,-7.13
38382556.0,0.99,-6.84,-7.2
38402596.0,0.96,-6.86,-7.12
38422628.0,0.98,-6.85,-7.14
38442628.0,0.97,-6.84,-7.13
38462668.0,0.99,-6.89,-7.14
38482680.0,0.93,-6.86,-7.14
38502704.0,0.99,-6.88,-7.14
38522708.0,0.98,-6.88,-7.18
38542736.0,0.94,-6.86,-7.13
38562752.0,0.97,-6.85,-7.14
38582780.0,0.96,-6.85,-7.14
38602812.0,0.97,-6.85,-7.12
38622824.0,0.97,-6.85,-7.22
38642856.0,0.96,-6.84,-7.12
38662884.0,0.98,-6.86,-7.14
38682904.0,0.96,-6.86,-7.18
38702920.0,0.97,-6.87,-7.09
38722952.0,0.98,-6.85,-7.16
38742960.0,0.94,-6.83,-7.14
38762972.0,0.95,-6.88,-7.08
38782988.0,0.95,-6.88,-7.08
38803012.0,0.97,-6.87,-7.15
38823068.0,0.96,-6.86,-7.11
38843088.0,0.95,-6.83,-7.17
38863100.0,0.95,-6.86,-7.09
38883120.0,0.96,-6.85,-7.11
38903144.0,0.98,-6.88,-7.12
38923164.0,0.98,-6.86,-7.08
38943172.0,0.98,-6.87,-7.12
38963180.0,1.03,-6.84,-7.15
38983208.0,0.98,-6.86,-7.18
39003248.0,0.95,-6.87,-7.1
39023256.0,0.99,-6.87,-7.12
39043292.0,0.96,-6.83,-7.13
39063316.0,0.97,-6.82,-7.12
39083348.0,0.96,-6.83,-7.15
39103356.0,0.96,-6.83,-7.13
39123380.0,0.97,-6.84,-7.12
39143416.0,0.94,-6.81,-7.12
39163448.0,0.96,-6.87,-7.13
39183496.0,0.95,-6.84,-7.05
39203508.0,0.92,-6.88,-7.16
39223548.0,0.96,-6.86,-7.19
39243568.0,0.95,-6.81,-7.15
39263604.0,0.97,-6.89,-7.18
39283612.0,0.97,-6.85,-7.18
39303632.0,0.99,-6.84,-7.13
39323652.0,0.96,-6.85,-7.12
39343680.0,0.94,-6.8,-7.14
39363696.0,0.95,-6.84,-7.09
39383696.0,0.97,-6.87,-7.15
39403728.0,0.96,-6.84,-7.14
39423736.0,0.97,-6.87,-7.1
39443764.0,0.94,-6.87,-7.12
39463772.0,1.0,-6.89,-7.12
39483800.0,0.98,-6.8,-7.19
39503816.0,0.96,-6.83,-7.12
39523864.0,0.95,-6.88,-7.14
39543876.0,0.95,-6.85,-7.16
39563884.0,0.97,-6.84,-7.18
39583936.0,0.95,-6.84,-7.19
39603956.0,0.96,-6.85,-7.15
39623984.0,0.98,-6.84,-7.19
39643996.0,0.95,-6.84,-7.1
39664024.0,0.98,-6.87,-7.23
39684040.0,0.97,-6.86,-7.15
39704044.0,0.98,-6.85,-7.13
39724048.0,0.98,-6.88,-7.14
39744068.0,0.98,-6.86,-7.14
39764100.0,0.95,-6.86,-7.18
39784116.0,0.99,-6.85,-7.14
39804140.0,0.96,-6.88,-7.16
39824168.0,0.99,-6.84,-7.1
39844184.0,0.93,-6.86,-7.07
39864196.0,1.0,-6.86,-7.14
39884212.0,0.96,-6.85,-7.12
39904260.0,0.98,-6.84,-7.12
39924288.0,0.95,-6.89,-7.1
39944308.0,0.97,-6.79,-7.13
39964300.0,0.96,-6.83,-7.17
39984340.0,0.99,-6.85,-7.13
40004356.0,0.98,-6.85,-7.17
40024388.0,0.95,-6.87,-7.13
40044400.0,0.96,-6.83,-7.14
40064424.0,0.94,-6.81,-7.17
40084460.0,0.98,-6.86,-7.12
40104476.0,0.98,-6.85,-7.13
40124496.0,1.0,-6.86,-7.16
40144496.0,1.0,-6.85,-7.09
40164516.0,0.94,-6.85,-7.17
40184536.0,0.97,-6.84,-7.11
40204548.0,0.99,-6.89,-7.12
40224564.0,0.98,-6.81,-7.08
40244592.0,0.98,-6.87,-7.18
40264600.0,0.97,-6.84,-7.17
40284624.0,0.96,-6.83,-7.13
40304628.0,0.98,-6.86,-7.13
40324672.0,0.98,-6.88,-7.16
40344700.0,0.94,-6.87,-7.19
40364704.0,0.99,-6.85,-7.09
40384708.0,0.94,-6.87,-7.13
40404724.0,0.99,-6.84,-7.13
40424740.0,0.99,-6.82,-7.13
40444740.0,0.96,-6.86,-7.13
40464784.0,0.96,-6.86,-7.17
40484804.0,0.96,-6.88,-7.1
40504820.0,0.97,-6.85,-7.13
40524844.0,0.99,-6.86,-7.16
40544864.0,0.98,-6.88,-7.14
40564900.0,0.95,-6.84,-7.16
40584908.0,0.98,-6.84,-7.17
40604928.0,0.99,-6.85,-7.15
40624944.0,0.97,-6.87,-7.13
40644976.0,0.93,-6.82,-7.16
40664996.0,0.95,-6.84,-7.17
40685016.0,0.98,-6.81,-7.17
40705040.0,0.95,-6.87,-7.12
40725064.0,0.99,-6.8,-7.16
40745100.0,0.94,-6.85,-7.12
40765104.0,0.96,-6.84,-7.15
40785124.0,0.95,-6.89,-7.13
40805152.0,0.97,-6.87,-7.19
40825172.0,0.95,-6.8,-7.12
40845192.0,0.95,-6.86,-7.22
40865212.0,0.99,-6.82,-7.13
40885232.0,0.97,-6.87,-7.14
40905264.0,0.97,-6.83,-7.15
40925320.0,0.95,-6.83,-7.16
40945332.0,0.93,-6.83,-7.17
40965372.0,0.99,-6.88,-7.12
40985388.0,1.01,-6.82,-7.13
41005408.0,0.93,-6.83,-7.15
41025424.0,0.93,-6.84,-7.13
41045464.0,0.94,-6.84,-7.1
41065460.0,1.0,-6.84,-7.15
41085488.0,0.97,-6.86,-7.14
41105532.0,0.99,-6.86,-7.17
41125552.0,0.96,-6.85,-7.15
41145564.0,1.0,-6.87,-7.17
41165588.0,0.98,-6.83,-7.14
41185012.0,0.98,-6.83,-7.14
41205028.0,0.94,-6.82,-7.12
41225652.0,0.95,-6.83,-7.2
41245064.0,0.95,-6.83,-7.2
41265092.0,0.93,-6.87,-7.12
41285112.0,1.01,-6.85,-7.09
41305124.0,0.96,-6.85,-7.15
41325140.0,0.94,-6.85,-7.18
41345180.0,0.97,-6.84,-7.16
41365200.0,0.98,-6.84,-7.12
41385216.0,0.98,-6.85,-7.15
41405232.0,0.96,-6.84,-7.18
41425264.0,0.99,-6.86,-7.08
41445284.0,0.97,-6.87,-7.21
41465292.0,0.95,-6.82,-7.14
41485320.0,1.02,-6.87,-7.15
41505320.0,0.95,-6.85,-7.13
41525360.0,0.97,-6.86,-7.22
41545368.0,0.98,-6.82,-7.13
41565408.0,0.92,-6.88,-7.06
41585420.0,1.0,-6.81,-7.13
41605432.0,0.99,-6.84,-7.17
41625440.0,0.99,-6.88,-7.19
41645464.0,0.96,-6.88,-7.18
41665488.0,0.99,-6.83,-7.09
41685512.0,0.99,-6.85,-7.12
41705540.0,0.95,-6.85,-7.16
41725548.0,1.01,-6.84,-7.16
41745596.0,0.99,-6.83,-7.13
41765620.0,0.96,-6.85,-7.15
41785640.0,0.97,-6.87,-7.15
41805636.0,0.97,-6.87,-7.15
41825668.0,0.98,-6.85,-7.16
41845688.0,0.96,-6.82,-7.14
41865720.0,0.94,-6.84,-7.14
41885732.0,0.95,-6.84,-7.16
41905756.0,0.95,-6.81,-7.11
41925800.0,0.98,-6.85,-7.15
41945828.0,1.0,-6.87,-7.11
41965844.0,0.95,-6.87,-7.21
41985848.0,1.0,-6.86,-7.1
42005876.0,0.96,-6.87,-7.16
42025884.0,0.98,-6.91,-7.16
42045896.0,0.99,-6.9,-7.14
42065916.0,0.98,-6.88,-7.14
42085944.0,0.96,-6.85,-7.17
42105992.0,0.93,-6.83,-7.13
42125996.0,0.97,-6.86,-7.13
42146024.0,0.99,-6.86,-7.17
42166052.0,0.99,-6.84,-7.17
42186060.0,0.97,-6.86,-7.11
42206072.0,0.96,-6.86,-7.14
42226076.0,0.93,-6.83,-7.08
42246092.0,0.97,-6.84,-7.13
42266132.0,0.93,-6.87,-7.12
42286168.0,0.98,-6.88,-7.13
42306172.0,0.95,-6.87,-7.17
42326216.0,0.95,-6.85,-7.18
42346232.0,0.97,-6.87,-7.12
42366248.0,0.95,-6.88,-7.1
42386256.0,0.99,-6.89,-7.14
42406280.0,0.92,-6.82,-7.13
42426304.0,0.94,-6.86,-7.15
42446324.0,0.95,-6.84,-7.12
42466360.0,0.94,-6.87,-7.18
42486368.0,0.94,-6.87,-7.16
42506416.0,0.98,-6.85,-7.12
42526440.0,1.0,-6.86,-7.15
42546452.0,0.96,-6.87,-7.11
42566468.0,0.93,-6.88,-7.13
42586496.0,0.98,-6.87,-7.12
42606520.0,0.96,-6.82,-7.2
42626532.0,0.97,-6.86,-7.09
42646544.0,0.96,-6.86,-7.13
42666552.0,1.01,-6.84,-7.12
42686604.0,0.94,-6.85,-7.14
42706616.0,0.98,-6.88,-7.19
42726628.0,0.98,-6.83,-7.16
42746648.0,1.0,-6.86,-7.13
42766676.0,0.95,-6.86,-7.18
42786684.0,0.96,-6.86,-7.17
42806688.0,0.95,-6.86,-7.15
42826708.0,0.95,-6.86,-7.13
42846728.0,0.95,-6.85,-7.14
42866756.0,0.94,-6.87,-7.2
42886764.0,0.96,-6.87,-7.19
42906792.0,0.94,-6.86,-7.07
42926812.0,0.99,-6.83,-7.15
42946828.0,0.98,-6.86,-7.11
42966848.0,0.96,-6.86,-7.13
42986864.0,0.96,-6.86,-7.21
43006884.0,0.94,-6.84,-7.14
43026900.0,0.93,-6.87,-7.13
43046928.0,0.99,-6.85,-7.11
43066948.0,0.96,-6.84,-7.18
43086972.0,0.97,-6.84,-7.19
43106992.0,0.97,-6.82,-7.12
43127024.0,0.93,-6.89,-7.15
43147044.0,0.97,-6.87,-7.15
43167072.0,0.99,-6.84,-7.14
43187092.0,0.99,-6.83,-7.15
43207100.0,0.97,-6.83,-7.15
43227144.0,0.94,-6.84,-7.16
43247160.0,0.96,-6.86,-7.22
43267200.0,0.96,-6.85,-7.16
43287216.0,0.97,-6.88,-7.15
43307240.0,0.94,-6.83,-7.14
43327264.0,0.98,-6.85,-7.16
43347288.0,0.98,-6.84,-7.18
43367308.0,1.0,-6.84,-7.17
43387316.0,0.96,-6.84,-7.17
43407352.0,0.96,-6.84,-7.15
43427380.0,0.97,-6.84,-7.12
43447432.0,0.99,-6.83,-7.14
43467444.0,0.95,-6.82,-7.15
43487484.0,0.96,-6.87,-7.16
43507492.0,0.95,-6.88,-7.15
43527508.0,0.96,-6.85,-7.16
43547504.0,0.98,-6.82,-7.09
43567516.0,0.98,-6.87,-7.2
43587540.0,0.96,-6.85,-7.13
43607552.0,0.96,-6.88,-7.17
43627580.0,0.96,-6.83,-7.15
43647592.0,0.98,-6.85,-7.13
43667636.0,0.95,-6.87,-7.13
43687656.0,0.95,-6.85,-7.15
43707680.0,0.98,-6.82,-7.19
43727684.0,1.01,-6.83,-7.11
43747736.0,0.98,-6.85,-7.14
43767764.0,0.97,-6.83,-7.18
43787788.0,0.96,-6.86,-7.15
43807816.0,0.95,-6.87,-7.19
43827828.0,0.95,-6.89,-7.17
43847880.0,0.97,-6.85,-7.14
43867904.0,1.0,-6.83,-7.16
43887928.0,0.93,-6.86,-7.18
43907936.0,1.01,-6.87,-7.14
43927956.0,0.97,-6.85,-7.15
43947976.0,0.96,-6.86,-7.18
43967984.0,0.98,-6.83,-7.19
43987996.0,0.96,-6.83,-7.15
44008020.0,0.95,-6.86,-7.14
44028052.0,0.99,-6.86,-7.13
44048080.0,0.98,-6.85,-7.17
44068092.0,0.98,-6.84,-7.12
44088112.0,0.98,-6.87,-7.17
44108148.0,0.9,-6.84,-7.16
44128168.0,0.96,-6.86,-7.16
44148180.0,0.95,-6.83,-7.13
44168208.0,0.99,-6.83,-7.16
44188228.0,0.92,-6.85,-7.14
44208260.0,1.0,-6.86,-7.15
44228260.0,0.96,-6.87,-7.16
44248284.0,0.95,-6.83,-7.13
44268308.0,0.99,-6.82,-7.12
44288340.0,0.95,-6.9,-7.13
44308348.0,0.97,-6.88,-7.14
44328360.0,0.98,-6.84,-7.14
44348400.0,0.96,-6.83,-7.11
44367828.0,0.96,-6.83,-7.11
44387860.0,1.01,-6.85,-7.13
44407900.0,0.97,-6.84,-7.18
44427904.0,0.94,-6.85,-7.18
44447928.0,0.98,-6.85,-7.19
44467956.0,1.0,-6.86,-7.12
44487980.0,0.96,-6.86,-7.14
44507988.0,0.98,-6.84,-7.16
44528012.0,0.97,-6.84,-7.22
44548024.0,0.99,-6.86,-7.14
44568048.0,0.93,-6.86,-7.17
44588076.0,0.96,-6.86,-7.16
44608096.0,0.98,-6.82,-7.16
44628140.0,0.97,-6.87,-7.17
44648164.0,0.94,-6.85,-7.18
44668176.0,0.94,-6.85,-7.18
44688196.0,0.93,-6.88,-7.12
44708228.0,0.97,-6.84,-7.16
44728260.0,0.97,-6.87,-7.2
44748268.0,0.94,-6.87,-7.13
44768280.0,1.01,-6.83,-7.14
44788296.0,0.93,-6.87,-7.15
44808356.0,0.97,-6.86,-7.18
44828372.0,0.98,-6.84,-7.13
44848388.0,0.97,-6.84,-7.14
44868404.0,0.96,-6.87,-7.15
44888436.0,0.98,-6.84,-7.15
44908456.0,0.93,-6.89,-7.18
44928460.0,0.94,-6.87,-7.19
44948484.0,0.98,-6.89,-7.15
44968512.0,0.96,-6.87,-7.16
44988548.0,0.97,-6.85,-7.17
45008564.0,0.97,-6.85,-7.13
45028588.0,1.01,-6.86,-7.15
45048616.0,0.99,-6.87,-7.13
45068644.0,1.01,-6.86,-7.22
45088656.0,0.99,-6.85,-7.11
45108692.0,0.95,-6.86,-7.14
45128708.0,0.93,-6.86,-7.16
45148732.0,0.95,-6.83,-7.19
45168776.0,0.93,-6.86,-7.11
45188780.0,0.99,-6.86,-7.18
45208808.0,0.97,-6.87,-7.09
45228836.0,0.96,-6.86,-7.13
45248856.0,0.94,-6.85,-7.13
45268872.0,0.95,-6.84,-7.17
45288884.0,0.98,-6.85,-7.11
45308920.0,0.94,-6.83,-7.12
45328960.0,0.98,-6.9,-7.1
45348976.0,0.94,-6.87,-7.16
45368988.0,0.96,-6.89,-7.2
45389008.0,0.98,-6.85,-7.16
45409028.0,0.97,-6.85,-7.16
45429052.0,0.99,-6.87,-7.08
45449064.0,0.94,-6.85,-7.09
45469092.0,0.96,-6.9,-7.12
45489108.0,0.95,-6.87,-7.14
45509132.0,0.97,-6.87,-7.13
45529172.0,0.96,-6.9,-7.13
45549184.0,0.99,-6.82,-7.15
45569212.0,0.99,-6.84,-7.14
45589236.0,0.92,-6.87,-7.17
45609256.0,0.93,-6.84,-7.15
45629260.0,1.0,-6.83,-7.19
45649288.0,0.97,-6.86,-7.13
45669304.0,0.99,-6.86,-7.08
45689328.0,0.95,-6.87,-7.14
45709356.0,0.96,-6.87,-7.16
45729376.0,0.95,-6.87,-7.14
45749412.0,0.93,-6.87,-7.14
45769420.0,0.99,-6.84,-7.2
45789440.0,0.96,-6.83,-7.13
45809456.0,0.99,-6.88,-7.12
45829488.0,1.0,-6.82,-7.22
45849500.0,0.95,-6.84,-7.12
45869532.0,0.96,-6.84,-7.13
45889532.0,0.99,-6.82,-7.13
45909568.0,0.95,-6.86,-7.15
45929604.0,0.97,-6.85,-7.2
45949616.0,0.97,-6.89,-7.16
45969644.0,0.96,-6.84,-7.14
45989672.0,0.97,-6.89,-7.17
46009692.0,0.95,-6.87,-7.11
46029712.0,0.96,-6.84,-7.16
46049712.0,0.97,-6.87,-7.17
46069740.0,0.95,-6.87,-7.11
46089780.0,0.97,-6.83,-7.12
46109824.0,0.96,-6.84,-7.21
46129832.0,0.94,-6.85,-7.19
46149852.0,0.97,-6.89,-7.09
46169880.0,0.97,-6.83,-7.07
46189896.0,0.94,-6.85,-7.16
46209912.0,0.98,-6.85,-7.14
46229916.0,0.95,-6.88,-7.15
46249940.0,0.98,-6.85,-7.21
46269964.0,0.98,-6.83,-7.18
46290004.0,0.97,-6.85,-7.11
46309996.0,0.96,-6.87,-7.17
46330048.0,0.96,-6.87,-7.12
46350080.0,0.96,-6.85,-7.14
46370104.0,0.98,-6.83,-7.12
46390112.0,0.93,-6.89,-7.1
46410124.0,0.94,-6.82,-7.14
46430144.0,0.97,-6.85,-7.22
46450168.0,0.98,-6.84,-7.14
46470180.0,0.98,-6.86,-7.17
46490200.0,0.96,-6.81,-7.14
46510248.0,0.92,-6.84,-7.14
46530264.0,0.97,-6.85,-7.13
46550292.0,0.92,-6.85,-7.18
46570296.0,0.93,-6.85,-7.12
46590340.0,0.97,-6.86,-7.19
46610360.0,0.97,-6.86,-7.17
46630384.0,1.0,-6.86,-7.19
46650416.0,0.94,-6.89,-7.16
46670432.0,0.96,-6.84,-7.12
46690480.0,0.95,-6.87,-7.15
46709896.0,0.95,-6.87,-7.15
46729908.0,0.96,-6.85,-7.1
46750532.0,0.95,-6.87,-7.13
46769952.0,0.95,-6.87,-7.13
46789984.0,0.98,-6.84,-7.19
46810004.0,0.94,-6.83,-7.15
46830016.0,0.97,-6.82,-7.18
46850040.0,1.02,-6.84,-7.11
46870084.0,0.97,-6.84,-7.14
46890124.0,0.95,-6.85,-7.13
46910128.0,0.98,-6.84,-7.17
46930128.0,0.95,-6.85,-7.13
46950140.0,0.99,-6.86,-7.15
46970164.0,1.01,-6.85,-7.15
46990172.0,0.97,-6.83,-7.16
47010188.0,0.97,-6.88,-7.11
47030240.0,0.99,-6.84,-7.16
47050264.0,0.98,-6.86,-7.17
47070292.0,0.97,-6.85,-7.13
47090292.0,0.97,-6.85,-7.13
47110332.0,0.97,-6.82,-7.16
47130368.0,0.97,-6.88,-7.13
47150396.0,0.96,-6.83,-7.13
47170424.0,0.91,-6.86,-7.14
47190440.0,0.98,-6.85,-7.15
47210480.0,0.98,-6.84,-7.15
47230492.0,0.99,-6.84,-7.2
47250488.0,0.97,-6.83,-7.14
47270504.0,0.99,-6.84,-7.14
47290524.0,0.99,-6.87,-7.11
47310544.0,0.96,-6.86,-7.13
47330560.0,0.98,-6.86,-7.15
47350576.0,0.95,-6.85,-7.13
47370600.0,0.93,-6.84,-7.09
47390604.0,0.99,-6.87,-7.22
47410624.0,0.95,-6.86,-7.16
47430640.0,0.95,-6.85,-7.2
47450680.0,0.97,-6.84,-7.14
47470700.0,0.94,-6.86,-7.15
47490708.0,0.94,-6.82,-7.13
47510748.0,1.01,-6.83,-7.16
47530760.0,0.95,-6.86,-7.12
47550788.0,0.97,-6.81,-7.14
47570804.0,0.98,-6.86,-7.15
47590820.0,0.98,-6.82,-7.13
47610844.0,0.96,-6.85,-7.11
47630900.0,0.95,-6.82,-7.14
47650944.0,0.94,-6.86,-7.14
47670952.0,0.97,-6.83,-7.16
47690980.0,1.0,-6.85,-7.08
47711008.0,0.97,-6.87,-7.15
47731040.0,0.97,-6.84,-7.18
47751064.0,0.97,-6.85,-7.16
47771076.0,1.0,-6.87,-7.2
47791088.0,0.95,-6.83,-7.12
47811124.0,1.0,-6.84,-7.12
47831140.0,0.96,-6.89,-7.1
47851144.0,0.94,-6.82,-7.15
47871184.0,1.0,-6.85,-7.2
47891204.0,0.95,-6.86,-7.2
47911228.0,0.98,-6.84,-7.13
47931236.0,0.95,-6.84,-7.1
47951260.0,0.96,-6.89,-7.2
47971292.0,1.0,-6.85,-7.1
47991320.0,0.97,-6.82,-7.19
48011360.0,0.95,-6.86,-7.21
48031368.0,0.94,-6.88,-7.12
48051408.0,0.98,-6.83,-7.13
48071428.0,1.0,-6.8,-7.13
48091464.0,0.99,-6.84,-7.07
48111476.0,0.97,-6.82,-7.14
48131484.0,0.92,-6.87,-7.16
48151504.0,0.96,-6.84,-7.09
48171528.0,0.94,-6.84,-7.15
48191544.0,0.95,-6.83,-7.14
48211556.0,0.96,-6.86,-7.14
48231600.0,0.97,-6.86,-7.08
48251620.0,1.0,-6.84,-7.14
48271636.0,0.95,-6.87,-7.21
48291652.0,0.97,-6.83,-7.14
48311684.0,0.97,-6.82,-7.09
48331712.0,0.98,-6.89,-7.14
48351740.0,1.0,-6.86,-7.16
48371736.0,0.95,-6.81,-7.17
48391756.0,0.95,-6.84,-7.13
48411816.0,0.97,-6.84,-7.17
48431832.0,0.97,-6.87,-7.13
48451844.0,0.95,-6.86,-7.16
48471860.0,0.97,-6.88,-7.14
48491892.0,0.94,-6.83,-7.15
48511900.0,0.97,-6.87,-7.16
48531912.0,0.96,-6.8,-7.13
48551928.0,0.97,-6.89,-7.17
48571956.0,0.98,-6.86,-7.12
48592012.0,0.97,-6.85,-7.15
48612024.0,0.98,-6.84,-7.12
48632036.0,0.95,-6.86,-7.13
48652068.0,0.96,-6.82,-7.13
48672088.0,0.97,-6.82,-7.13
48692120.0,0.98,-6.84,-7.12
48712136.0,0.92,-6.84,-7.12
48732144.0,0.96,-6.85,-7.13
48752176.0,0.97,-6.86,-7.09
48772192.0,0.94,-6.82,-7.15
48792188.0,0.94,-6.85,-7.14
48812232.0,1.01,-6.85,-7.19
48832244.0,0.98,-6.87,-7.17
48852272.0,1.0,-6.86,-7.18
48872284.0,0.96,-6.86,-7.09
48892304.0,1.01,-6.84,-7.15
48912316.0,0.96,-6.85,-7.16
48932360.0,0.97,-6.84,-7.15
48952404.0,0.93,-6.86,-7.09
48972412.0,0.96,-6.85,-7.14
48992456.0,0.96,-6.85,-7.17
49012480.0,0.98,-6.87,-7.12
49032496.0,0.97,-6.9,-7.16
49052508.0,0.98,-6.87,-7.16
49072536.0,0.97,-6.87,-7.14
49092560.0,0.99,-6.84,-7.11
49112576.0,1.0,-6.86,-7.13
49132596.0,0.94,-6.83,-7.13
49152612.0,0.91,-6.82,-7.15
49172648.0,0.96,-6.86,-7.11
49192664.0,0.97,-6.89,-7.12
49212676.0,0.91,-6.86,-7.15
49232688.0,0.96,-6.87,-7.18
49252708.0,0.96,-6.87,-7.2
49272728.0,0.94,-6.87,-7.15
49292740.0,1.02,-6.88,-7.15
49312760.0,0.97,-6.83,-7.1
49332800.0,0.98,-6.85,-7.16
49352228.0,0.98,-6.85,-7.16
49372248.0,0.95,-6.86,-7.18
49392256.0,0.92,-6.84,-7.12
49412292.0,0.97,-6.83,-7.1
49432300.0,0.97,-6.83,-7.1
49452316.0,0.97,-6.87,-7.18
49472324.0,1.0,-6.84,-7.07
49492352.0,0.94,-6.87,-7.2
49512376.0,0.99,-6.84,-7.16
49532404.0,0.98,-6.88,-7.16
49552420.0,0.95,-6.85,-7.14
49572436.0,0.99,-6.87,-7.15
49592480.0,0.96,-6.83,-7.16
49612496.0,0.97,-6.84,-7.14
49632500.0,0.96,-6.83,-7.17
49652512.0,0.94,-6.87,-7.14
49672544.0,0.98,-6.88,-7.1
49692560.0,0.96,-6.9,-7.16
49712576.0,0.98,-6.86,-7.15
49732592.0,0.94,-6.85,-7.13
49752624.0,0.98,-6.82,-7.14
49772672.0,1.02,-6.84,-7.14
49792684.0,1.02,-6.82,-7.1
49812700.0,0.96,-6.84,-7.18
49832724.0,0.97,-6.83,-7.16
49852756.0,0.98,-6.85,-7.09
49872760.0,0.98,-6.85,-7.09
49892776.0,0.94,-6.82,-7.12
49912812.0,0.95,-6.9,-7.1
49932840.0,0.94,-6.86,-7.15
49952880.0,0.99,-6.88,-7.1
49972884.0,0.95,-6.85,-7.13
49992912.0,0.96,-6.82,-7.15
50012936.0,0.98,-6.85,-7.13
50032956.0,0.98,-6.86,-7.14
50052956.0,0.95,-6.83,-7.18
50072968.0,0.97,-6.85,-7.13
50092988.0,0.96,-6.89,-7.2
50113000.0,0.96,-6.84,-7.18
50133000.0,0.99,-6.87,-7.15
50153004.0,0.99,-6.87,-7.15
50173040.0,0.98,-6.89,-7.13
50193040.0,0.99,-6.82,-7.16
50213060.0,0.97,-6.83,-7.12
50233088.0,0.95,-6.85,-7.1
50253100.0,1.0,-6.83,-7.13
50273104.0,1.0,-6.83,-7.13
50293132.0,1.0,-6.87,-7.17
50313156.0,0.95,-6.82,-7.21
50333176.0,0.97,-6.83,-7.19
50353208.0,0.98,-6.83,-7.14
50373224.0,0.91,-6.86,-7.13
50393272.0,0.92,-6.85,-7.13
50413300.0,0.97,-6.83,-7.12
50433332.0,0.97,-6.86,-7.15
50453328.0,0.99,-6.84,-7.16
50473344.0,0.98,-6.83,-7.1
50493368.0,0.95,-6.87,-7.09
50513392.0,1.01,-6.85,-7.13
50533420.0,0.97,-6.87,-7.1
50553440.0,0.94,-6.86,-7.18
50573488.0,0.94,-6.86,-7.12
50593508.0,0.97,-6.89,-7.13
50613532.0,0.97,-6.87,-7.12
50633544.0,0.98,-6.88,-7.14
50653576.0,0.91,-6.86,-7.1
50673592.0,0.96,-6.86,-7.18
50693616.0,0.98,-6.86,-7.13
50713644.0,0.97,-6.84,-7.11
50733664.0,0.97,-6.84,-7.16
50753704.0,0.99,-6.87,-7.12
50773724.0,0.94,-6.89,-7.18
50793736.0,0.97,-6.86,-7.17
50813760.0,0.96,-6.87,-7.17
50833792.0,0.95,-6.86,-7.13
50853816.0,0.99,-6.9,-7.2
50873844.0,0.96,-6.84,-7.19
50893860.0,0.97,-6.84,-7.09
50913880.0,0.97,-6.84,-7.17
50933924.0,0.99,-6.85,-7.16
50953932.0,1.0,-6.85,-7.1
50973928.0,0.94,-6.88,-7.11
50993960.0,0.96,-6.85,-7.17
51013984.0,0.96,-6.86,-7.16
51034004.0,0.95,-6.87,-7.19
51054004.0,0.95,-6.88,-7.15
51074040.0,0.98,-6.85,-7.13
51094072.0,0.98,-6.86,-7.1
51114092.0,0.97,-6.84,-7.22
51134104.0,0.96,-6.85,-7.12
51154128.0,1.0,-6.81,-7.2
51174160.0,0.94,-6.86,-7.14
51194188.0,0.96,-6.9,-7.12
51214204.0,0.95,-6.89,-7.22
51234204.0,0.94,-6.83,-7.18
51254216.0,0.91,-6.88,-7.17
51274248.0,0.98,-6.88,-7.13
51294292.0,0.96,-6.89,-7.18
51314300.0,0.98,-6.86,-7.16
51334344.0,0.96,-6.84,-7.11
51354360.0,0.94,-6.82,-7.1
51374380.0,0.98,-6.83,-7.18
51394396.0,0.94,-6.85,-7.1
51414404.0,1.0,-6.84,-7.18
51434436.0,0.95,-6.87,-7.09
51454456.0,0.99,-6.86,-7.13
51474492.0,0.93,-6.85,-7.16
51494504.0,1.0,-6.88,-7.19
51514532.0,0.99,-6.87,-7.13
51534552.0,0.98,-6.85,-7.11
51554572.0,1.0,-6.88,-7.12
51574592.0,0.96,-6.83,-7.2
51594624.0,0.94,-6.87,-7.1
51614660.0,0.97,-6.84,-7.12
51634708.0,0.94,-6.85,-7.11
51654748.0,0.95,-6.84,-7.12
51674752.0,0.97,-6.85,-7.13
51694784.0,0.98,-6.88,-7.23
51714812.0,0.96,-6.86,-7.14
51734836.0,0.94,-6.79,-7.2
51754844.0,0.95,-6.85,-7.13
51774864.0,0.93,-6.87,-7.13
51794904.0,1.02,-6.85,-7.12
51814940.0,0.98,-6.82,-7.12
51834976.0,0.99,-6.84,-7.13
51854984.0,0.94,-6.83,-7.13
51875024.0,0.96,-6.87,-7.13
51895048.0,0.95,-6.87,-7.12
51915068.0,0.95,-6.84,-7.15
51935088.0,0.97,-6.88,-7.13
51955108.0,0.96,-6.84,-7.08
51975132.0,0.96,-6.85,-7.11
51994560.0,0.96,-6.85,-7.11
52014600.0,0.96,-6.87,-7.09
52034620.0,0.94,-6.87,-7.12
52054632.0,0.94,-6.85,-7.16
52074676.0,0.98,-6.84,-7.1
52094700.0,0.96,-6.86,-7.15
52114716.0,0.98,-6.83,-7.12
52134728.0,1.0,-6.87,-7.16
52154764.0,0.94,-6.81,-7.18
52174788.0,0.93,-6.86,-7.12
52194800.0,0.98,-6.83,-7.15
52214808.0,0.98,-6.88,-7.2
52234828.0,0.94,-6.84,-7.15
52254884.0,1.01,-6.81,-7.14
52274916.0,0.95,-6.86,-7.14
52294936.0,0.98,-6.84,-7.18
52314952.0,0.97,-6.87,-7.11
52334984.0,0.97,-6.88,-7.12
52355000.0,0.99,-6.87,-7.17
52375024.0,0.98,-6.88,-7.18
52395040.0,0.94,-6.85,-7.19
52415060.0,0.95,-6.88,-7.13
52435092.0,0.96,-6.88,-7.12
52455108.0,0.98,-6.88,-7.12
52475116.0,1.0,-6.86,-7.2
52495144.0,0.97,-6.85,-7.08
52515168.0,0.98,-6.89,-7.13
52535188.0,0.97,-6.89,-7.13
52555200.0,0.95,-6.84,-7.16
52575216.0,0.95,-6.82,-7.13
52595240.0,0.99,-6.85,-7.12
52615276.0,0.99,-6.86,-7.15
52635284.0,0.96,-6.86,-7.22
52655316.0,0.96,-6.83,-7.1
52675324.0,0.93,-6.86,-7.18
52695336.0,0.97,-6.86,-7.14
52715344.0,0.98,-6.84,-7.17
52735372.0,0.94,-6.83,-7.14
52755396.0,0.94,-6.84,-7.15
52775408.0,0.95,-6.87,-7.12
52795420.0,0.97,-6.87,-7.13
52815436.0,0.98,-6.91,-7.14
52835492.0,0.94,-6.85,-7.14
52855512.0,0.99,-6.88,-7.12
52875528.0,0.95,-6.89,-7.11
52895552.0,0.97,-6.88,-7.14
52915580.0,0.97,-6.88,-7.12
52935592.0,0.97,-6.85,-7.17
52955608.0,0.97,-6.85,-7.16
52975644.0,0.97,-6.84,-7.16
52995660.0,1.0,-6.87,-7.1
53015680.0,0.96,-6.86,-7.11
53035696.0,0.93,-6.84,-7.2
53055716.0,0.96,-6.84,-7.17
53075736.0,0.93,-6.9,-7.09
53095756.0,0.96,-6.88,-7.18
53115764.0,0.93,-6.89,-7.16
53135780.0,1.0,-6.82,-7.15
53155788.0,0.98,-6.86,-7.17
53175816.0,1.03,-6.86,-7.14
53195844.0,0.97,-6.86,-7.14
53215852.0,0.97,-6.87,-7.13
53235888.0,1.0,-6.88,-7.17
53255896.0,0.99,-6.86,-7.1
53275896.0,0.98,-6.89,-7.13
53295916.0,0.96,-6.86,-7.14
53315940.0,0.97,-6.86,-7.16
53335960.0,0.99,-6.86,-7.14
53355972.0,0.97,-6.84,-7.15
53375996.0,0.95,-6.88,-7.2
53396032.0,0.95,-6.83,-7.16
53416076.0,0.97,-6.82,-7.15
53436092.0,0.95,-6.86,-7.13
53456124.0,0.99,-6.87,-7.17
53476140.0,0.98,-6.89,-7.17
53496160.0,0.96,-6.81,-7.14
53516172.0,0.95,-6.85,-7.18
53536188.0,0.97,-6.81,-7.14
53556212.0,0.94,-6.85,-7.13
53576244.0,0.94,-6.9,-7.1
53596256.0,0.97,-6.83,-7.13
53616252.0,1.01,-6.86,-7.11
53636296.0,0.95,-6.85,-7.15
53656320.0,0.93,-6.81,-7.13
53676376.0,0.95,-6.85,-7.13
53696384.0,0.94,-6.84,-7.17
53716404.0,0.93,-6.86,-7.18
53736444.0,0.97,-6.87,-7.17
53756472.0,0.95,-6.84,-7.1
53776484.0,0.94,-6.84,-7.16
53796488.0,1.01,-6.85,-7.2
53816508.0,0.99,-6.85,-7.16
53836532.0,0.98,-6.84,-7.12
53856560.0,0.94,-6.82,-7.16
53876572.0,0.96,-6.87,-7.11
53896596.0,0.94,-6.82,-7.15
53916616.0,0.95,-6.84,-7.2
53936624.0,0.99,-6.83,-7.17
53956636.0,0.95,-6.87,-7.16
53976644.0,0.94,-6.88,-7.15
53996688.0,1.01,-6.79,-7.18
54016700.0,0.97,-6.84,-7.14
54036712.0,0.96,-6.84,-7.12
54056736.0,0.98,-6.85,-7.15
54076768.0,0.95,-6.86,-7.14
54096776.0,0.94,-6.86,-7.17
54116796.0,0.98,-6.81,-7.18
54136816.0,0.95,-6.85,-7.19
54156840.0,1.0,-6.89,-7.13
54176848.0,0.95,-6.88,-7.13
54196856.0,0.94,-6.83,-7.09
54216880.0,0.96,-6.88,-7.13
54236900.0,0.94,-6.8,-7.13
54256920.0,1.0,-6.88,-7.16
54276936.0,0.97,-6.9,-7.14
54296956.0,1.0,-6.84,-7.16
54316980.0,0.95,-6.85,-7.13
54337008.0,0.99,-6.85,-7.11
54357028.0,0.99,-6.85,-7.14
54377052.0,0.98,-6.87,-7.12
54397092.0,0.96,-6.84,-7.13
54417112.0,0.98,-6.87,-7.18
54437124.0,0.92,-6.88,-7.12
54457160.0,0.92,-6.86,-7.19
54477192.0,0.96,-6.83,-7.2
54497216.0,0.97,-6.81,-7.13
54517256.0,0.96,-6.86,-7.12
54537284.0,0.96,-6.82,-7.18
54557288.0,0.95,-6.86,-7.1
54577316.0,0.95,-6.88,-7.17
54597336.0,0.95,-6.88,-7.16
54617348.0,0.97,-6.85,-7.18
54637364.0,0.98,-6.87,-7.17
54657384.0,1.0,-6.84,-7.15
54677400.0,0.94,-6.88,-7.12
54697416.0,0.92,-6.88,-7.14
54717436.0,0.95,-6.84,-7.15
54737464.0,0.96,-6.87,-7.13
54757516.0,0.95,-6.85,-7.15
54777520.0,0.95,-6.84,-7.13
54797552.0,0.99,-6.89,-7.14
54817576.0,0.99,-6.88,-7.17
54837600.0,0.96,-6.87,-7.16
54857620.0,0.98,-6.86,-7.18
54877632.0,0.95,-6.9,-7.17
54897636.0,0.92,-6.86,-7.13
54917680.0,0.96,-6.85,-7.2
54937696.0,0.96,-6.88,-7.14
54957704.0,0.95,-6.81,-7.13
54977744.0,0.95,-6.85,-7.16
54997760.0,0.99,-6.87,-7.14
55017784.0,0.96,-6.82,-7.22
55037780.0,0.98,-6.82,-7.09
55057808.0,0.96,-6.83,-7.12
55077848.0,0.91,-6.88,-7.09
55097876.0,0.96,-6.83,-7.15
55117912.0,0.95,-6.83,-7.18
55137920.0,1.02,-6.87,-7.1
55157340.0,1.02,-6.87,-7.1
55177388.0,0.94,-6.88,-7.13
55197392.0,0.97,-6.86,-7.19
55217408.0,0.99,-6.82,-7.17
55237412.0,0.97,-6.87,-7.16
55257440.0,0.97,-6.82,-7.12
55277448.0,0.92,-6.88,-7.14
55297468.0,0.96,-6.86,-7.17
55317488.0,1.0,-6.87,-7.13
55337500.0,0.96,-6.85,-7.16
55357536.0,1.0,-6.85,-7.21
55377536.0,0.97,-6.83,-7.15
55397580.0,0.96,-6.86,-7.15
55417604.0,0.95,-6.84,-7.16
55437624.0,0.96,-6.89,-7.13
55457656.0,0.99,-6.85,-7.18
55477660.0,0.97,-6.86,-7.16
55497688.0,0.99,-6.85,-7.19
55517720.0,0.97,-6.87,-7.18
55537760.0,0.98,-6.89,-7.15
55557768.0,0.98,-6.86,-7.17
55577804.0,0.92,-6.84,-7.13
55597824.0,0.96,-6.88,-7.09
55617852.0,0.99,-6.83,-7.13
55637864.0,0.96,-6.86,-7.14
55657896.0,0.99,-6.86,-7.14
55677940.0,0.99,-6.85,-7.15
55697960.0,0.93,-6.84,-7.16
55718000.0,0.96,-6.88,-7.14
55737992.0,0.99,-6.84,-7.11
55758032.0,0.97,-6.84,-7.14
55778064.0,0.97,-6.85,-7.17
55798092.0,1.0,-6.87,-7.14
55818104.0,0.99,-6.88,-7.19
55838120.0,0.95,-6.9,-7.11
55858140.0,0.97,-6.84,-7.2
55878160.0,0.97,-6.86,-7.15
55898200.0,0.95,-6.85,-7.1
55918204.0,0.96,-6.87,-7.14
55938248.0,0.99,-6.85,-7.15
55958260.0,0.97,-6.81,-7.13
55978288.0,0.97,-6.84,-7.09
55998288.0,0.96,-6.86,-7.16
56018316.0,0.94,-6.81,-7.12
56038364.0,0.97,-6.86,-7.18
56058396.0,0.99,-6.85,-7.16
56078420.0,1.0,-6.84,-7.18
56098432.0,0.96,-6.83,-7.16
56118460.0,0.99,-6.8,-7.1
56138484.0,0.91,-6.87,-7.12
56158512.0,0.98,-6.88,-7.13
56178528.0,0.99,-6.9,-7.13
56198548.0,0.97,-6.87,-7.13
56218568.0,1.0,-6.85,-7.09
56238576.0,0.97,-6.85,-7.13
56258604.0,0.98,-6.85,-7.13
56278624.0,0.96,-6.87,-7.12
56298672.0,0.97,-6.85,-7.1
56318692.0,0.98,-6.84,-7.17
56338712.0,0.99,-6.84,-7.13
56358724.0,0.94,-6.85,-7.15
56378752.0,0.96,-6.84,-7.15
56398772.0,0.94,-6.83,-7.09
56418788.0,0.98,-6.81,-7.15
56438804.0,0.93,-6.84,-7.15
56458824.0,0.95,-6.85,-7.14
56478884.0,0.97,-6.85,-7.13
56498904.0,0.96,-6.86,-7.13
56518908.0,0.97,-6.84,-7.15
56538928.0,0.95,-6.86,-7.17
56558948.0,1.0,-6.86,-7.16
56578964.0,0.96,-6.87,-7.19
56598972.0,1.0,-6.83,-7.17
56618996.0,0.94,-6.85,-7.11
56639024.0,0.95,-6.85,-7.13
56659072.0,0.99,-6.83,-7.13
56679080.0,1.01,-6.83,-7.12
56699108.0,0.97,-6.89,-7.21
56719140.0,0.95,-6.89,-7.13
56739160.0,0.93,-6.9,-7.16
56759176.0,0.97,-6.88,-7.21
56779204.0,0.99,-6.84,-7.2
56799224.0,0.99,-6.85,-7.14
56819264.0,0.96,-6.83,-7.13
56839308.0,0.99,-6.83,-7.13
56859312.0,0.98,-6.83,-7.14
56879344.0,0.98,-6.83,-7.23
56899368.0,0.95,-6.86,-7.17
56919392.0,0.94,-6.9,-7.11
56939400.0,0.93,-6.86,-7.2
56959420.0,0.94,-6.81,-7.11
56979444.0,0.99,-6.84,-7.15
56999476.0,0.97,-6.85,-7.13
57019528.0,0.99,-6.86,-7.14
57039540.0,0.98,-6.87,-7.16
57059568.0,0.98,-6.85,-7.13
57079588.0,0.98,-6.83,-7.19
57099616.0,1.0,-6.83,-7.16
57119636.0,0.97,-6.85,-7.15
57139652.0,0.99,-6.94,-7.11
57159664.0,0.98,-6.88,-7.19
57179700.0,0.95,-6.89,-7.16
57199136.0,0.95,-6.89,-7.16
57219180.0,0.96,-6.87,-7.13
57239224.0,0.95,-6.86,-7.07
57259236.0,0.99,-6.89,-7.05
57279256.0,0.95,-6.87,-7.17
57299296.0,1.02,-6.86,-7.19
57319312.0,0.99,-6.86,-7.11
57339320.0,0.96,-6.84,-7.16
57359364.0,0.95,-6.85,-7.13
57379384.0,0.97,-6.88,-7.14
57399432.0,0.99,-6.85,-7.2
57419448.0,0.92,-6.87,-7.13
57439480.0,1.02,-6.88,-7.16
57459504.0,0.97,-6.85,-7.11
57479540.0,0.99,-6.87,-7.2
57499560.0,0.98,-6.89,-7.17
57519576.0,0.97,-6.82,-7.12
57539580.0,1.0,-6.84,-7.11
57559616.0,0.95,-6.82,-7.13
57579664.0,0.93,-6.86,-7.14
57599676.0,0.94,-6.87,-7.16
57619696.0,0.96,-6.84,-7.15
57639720.0,0.94,-6.82,-7.18
57659744.0,0.97,-6.86,-7.13
57679760.0,1.0,-6.86,-7.17
57699776.0,0.95,-6.85,-7.18
57719792.0,0.96,-6.87,-7.13
57739824.0,0.98,-6.89,-7.15
57759868.0,1.0,-6.81,-7.17
57779876.0,0.94,-6.81,-7.13
57799908.0,0.95,-6.86,-7.16
57819932.0,0.96,-6.89,-7.14
57839960.0,0.96,-6.83,-7.14
57859972.0,0.95,-6.85,-7.12
57879996.0,0.95,-6.86,-7.15
57900036.0,0.99,-6.86,-7.17
57920052.0,0.95,-6.87,-7.11
57940104.0,0.98,-6.89,-7.16
57960116.0,0.99,-6.84,-7.2
57980128.0,0.98,-6.82,-7.11
58000152.0,0.99,-6.9,-7.16
58020180.0,0.96,-6.8,-7.15
58040176.0,0.95,-6.85,-7.14
58060200.0,0.97,-6.86,-7.17
58080240.0,0.96,-6.9,-7.19
58100264.0,0.94,-6.85,-7.19
58120280.0,0.94,-6.85,-7.18
58140288.0,0.95,-6.84,-7.16
58160328.0,0.97,-6.84,-7.14
58180352.0,1.0,-6.84,-7.16
58200376.0,0.99,-6.87,-7.14
58220384.0,0.99,-6.85,-7.09
58240408.0,0.98,-6.89,-7.2
58260420.0,0.97,-6.84,-7.12
58280440.0,0.98,-6.83,-7.17
58300472.0,0.97,-6.86,-7.17
58320488.0,0.96,-6.79,-7.15
58340532.0,0.96,-6.86,-7.11
58360552.0,0.95,-6.87,-7.14
58380584.0,0.98,-6.86,-7.19
58400600.0,0.98,-6.83,-7.12
58420632.0,0.95,-6.86,-7.15
58440648.0,0.97,-6.85,-7.14
58460668.0,0.98,-6.89,-7.13
58480676.0,0.96,-6.85,-7.13
58500696.0,1.0,-6.87,-7.13
58520744.0,0.97,-6.84,-7.13
58540764.0,1.02,-6.84,-7.16
58560788.0,1.02,-6.84,-7.17
58580800.0,0.96,-6.86,-7.13
58600828.0,0.94,-6.87,-7.16
58620852.0,0.95,-6.81,-7.19
58640880.0,0.93,-6.86,-7.15
58660908.0,0.98,-6.91,-7.08
58680916.0,0.94,-6.9,-7.09
58700940.0,0.98,-6.82,-7.2
58720960.0,0.99,-6.74,-7.24
58740976.0,0.96,-6.82,-7.13
58761000.0,0.98,-6.97,-6.98
58781024.0,0.96,-6.87,-7.11
58801032.0,0.99,-6.72,-7.3
58821052.0,1.0,-6.74,-7.26
58841076.0,1.02,-6.91,-7.09
58861120.0,0.93,-7.0,-6.9
58881136.0,0.95,-6.81,-7.1
58901132.0,0.96,-6.68,-7.39
58921164.0,1.0,-6.79,-7.25
58941180.0,0.96,-6.98,-7.0
58961208.0,0.98,-7.0,-6.99
58981220.0,0.96,-6.78,-7.24
59001244.0,0.97,-6.67,-7.36
59021284.0,0.98,-6.88,-7.21
59041312.0,1.02,-7.02,-6.89
59061356.0,0.99,-6.93,-7.1
59081364.0,0.97,-6.71,-7.36
59101404.0,1.0,-6.7,-7.34
59121428.0,0.99,-6.91,-7.09
59141456.0,0.96,-7.04,-6.87
59161464.0,0.95,-6.86,-7.15
59181472.0,0.94,-6.63,-7.37
59201500.0,0.96,-6.77,-7.33
59220928.0,0.96,-6.77,-7.33
59240952.0,1.01,-6.95,-6.91
59260984.0,0.96,-6.99,-6.98
59280996.0,0.93,-6.79,-7.26
59301036.0,0.93,-6.71,-7.39
59321060.0,1.0,-6.85,-7.14
59341076.0,0.96,-7.03,-6.95
59361088.0,0.96,-6.96,-7.08
59381120.0,1.01,-6.73,-7.27
59401152.0,0.95,-6.75,-7.33
59421176.0,0.98,-6.9,-7.12
59441208.0,0.99,-6.96,-6.99
59461220.0,0.97,-6.85,-7.11
59481268.0,0.96,-6.82,-7.2
59501284.0,0.98,-6.93,-7.02
59521292.0,0.94,-6.91,-7.02
59541300.0,0.96,-6.79,-7.23
59561340.0,0.96,-6.76,-7.26
59581360.0,1.0,-6.85,-7.13
59601372.0,0.97,-6.99,-7.01
59621388.0,1.0,-6.89,-7.08
59641404.0,0.94,-6.76,-7.3
59661424.0,0.95,-6.77,-7.29
59681432.0,0.96,-6.93,-7.06
59701444.0,0.96,-6.93,-7.06
59721468.0,0.97,-6.87,-7.13
59741496.0,0.97,-6.79,-7.3
59761500.0,1.01,-6.82,-7.18
59781524.0,0.96,-6.92,-7.02
59801544.0,0.97,-6.92,-7.09
59821564.0,0.96,-6.8,-7.17
59841572.0,0.96,-6.8,-7.17
59861588.0,0.96,-6.78,-7.25
59881628.0,0.99,-6.94,-7.02
59901648.0,0.97,-6.88,-7.08
59921664.0,0.94,-6.8,-7.22
59941680.0,0.97,-6.77,-7.23
59961712.0,1.01,-6.92,-7.01
59981736.0,0.97,-6.94,-7.04
60001752.0,0.97,-6.82,-7.16
60021784.0,0.94,-6.76,-7.26
60041808.0,0.98,-6.83,-7.21
60061852.0,0.99,-6.89,-7.02
60081864.0,0.99,-6.91,-7.09
60101884.0,0.95,-6.82,-7.18
60121904.0,0.98,-6.79,-7.21
60141936.0,0.96,-6.84,-7.13
60161984.0,0.95,-6.9,-7.11
60182008.0,0.99,-6.84,-7.18
60202020.0,0.93,-6.82,-7.24
60222032.0,0.98,-6.85,-7.19
60242060.0,0.95,-6.87,-7.1
60262080.0,0.99,-6.87,-7.08
60282096.0,0.96,-6.86,-7.12
60302120.0,0.96,-6.83,-7.18
60322144.0,0.97,-6.86,-7.15
60342164.0,0.95,-6.89,-7.05
60362172.0,1.0,-6.87,-7.13
60382192.0,0.98,-6.8,-7.24
60402228.0,0.94,-6.79,-7.21
60422280.0,0.94,-6.86,-7.13
60442292.0,0.96,-6.89,-7.12
60462328.0,0.99,-6.9,-7.18
60482348.0,0.97,-6.82,-7.24
60502376.0,0.97,-6.81,-7.16
60522392.0,0.98,-6.88,-7.13
60542420.0,0.98,-6.88,-7.13
60562460.0,0.94,-6.85,-7.12
60582480.0,0.97,-6.85,-7.15
60602532.0,0.97,-6.86,-7.13
60622544.0,0.95,-6.86,-7.14
60642560.0,0.98,-6.87,-7.14
60662576.0,0.98,-6.84,-7.15
60682596.0,0.94,-6.87,-7.17
60702616.0,0.95,-6.88,-7.13
60722640.0,0.97,-6.86,-7.13
60742656.0,1.0,-6.82,-7.15
60762688.0,0.94,-6.82,-7.15
60782732.0,0.99,-6.85,-7.14
60802752.0,0.98,-6.83,-7.14
60822768.0,0.96,-6.82,-7.13
60842792.0,0.94,-6.84,-7.18
60862820.0,0.99,-6.85,-7.19
60882840.0,0.94,-6.85,-7.14
60902864.0,0.97,-6.87,-7.09
60922884.0,1.01,-6.84,-7.14
60942908.0,0.97,-6.86,-7.16
60962952.0,0.98,-6.85,-7.18
60982968.0,0.95,-6.88,-7.03
61002980.0,0.99,-6.86,-7.2
61023000.0,0.96,-6.83,-7.13
61043040.0,0.98,-6.87,-7.2
61063052.0,0.97,-6.86,-7.15
61083072.0,0.96,-6.9,-7.12
61103088.0,0.97,-6.86,-7.11
61123124.0,0.96,-6.88,-7.21
61143180.0,0.99,-6.86,-7.17
61163196.0,0.99,-6.88,-7.12
61183228.0,1.0,-6.84,-7.16
61203236.0,0.96,-6.86,-7.11
61223260.0,0.97,-6.82,-7.18
61243284.0,0.96,-6.86,-7.17
61263300.0,1.0,-6.84,-7.15
61283320.0,0.96,-6.87,-7.13
61303348.0,0.94,-6.82,-7.17
61322784.0,0.94,-6.82,-7.17
61342820.0,0.95,-6.86,-7.16
61362836.0,1.01,-6.85,-7.17
61382872.0,0.97,-6.8,-7.09
61402904.0,0.98,-6.86,-7.11
61422936.0,0.98,-6.84,-7.13
61442960.0,0.95,-6.81,-7.15
61462972.0,0.97,-6.81,-7.15
61482992.0,0.97,-6.87,-7.11
61503028.0,0.94,-6.87,-7.16
61523052.0,1.0,-6.87,-7.14
61543060.0,0.96,-6.84,-7.14
61563092.0,0.98,-6.88,-7.17
61583120.0,0.99,-6.85,-7.13
61603144.0,0.99,-6.84,-7.14
61623152.0,0.99,-6.9,-7.12
61643176.0,0.98,-6.89,-7.19
61663196.0,0.97,-6.86,-7.17
61683224.0,1.01,-6.83,-7.22
61703260.0,1.0,-6.83,-7.13
61723264.0,0.99,-6.86,-7.16
61743304.0,0.96,-6.79,-7.11
61763328.0,0.92,-6.83,-7.18
61783352.0,0.98,-6.86,-7.18
61803348.0,0.97,-6.85,-7.16
61823376.0,1.02,-6.84,-7.16
61843400.0,0.92,-6.84,-7.18
61863416.0,0.96,-6.83,-7.09
61883428.0,0.94,-6.87,-7.13
61903456.0,0.99,-6.88,-7.14
61923492.0,0.97,-6.86,-7.18
61943512.0,0.94,-6.88,-7.1
61963532.0,0.97,-6.85,-7.13
61983540.0,0.93,-6.86,-7.21
62003580.0,0.98,-6.84,-7.14
62023608.0,0.93,-6.88,-7.15
62043632.0,1.01,-6.88,-7.13
62063668.0,0.99,-6.87,-7.14
62083684.0,0.95,-6.83,-7.2
62103716.0,0.99,-6.86,-7.14
62123736.0,0.97,-6.88,-7.1
62143752.0,0.97,-6.83,-7.09
62163776.0,0.94,-6.88,-7.13
62183804.0,0.99,-6.82,-7.15
62203832.0,0.98,-6.82,-7.13
62223860.0,0.95,-6.84,-7.19
62243876.0,0.97,-6.87,-7.13
62263896.0,0.97,-6.82,-7.19
62283932.0,0.98,-6.85,-7.14
62303948.0,0.96,-6.87,-7.13
62323956.0,0.97,-6.88,-7.14
62343984.0,0.94,-6.84,-7.22
62364008.0,0.97,-6.87,-7.17
62384024.0,0.94,-6.84,-7.1
62404036.0,0.98,-6.87,-7.08
62424056.0,0.99,-6.9,-7.09
62444088.0,0.93,-6.84,-7.13
62464128.0,1.01,-6.85,-7.15
62484140.0,0.95,-6.86,-7.15
62504172.0,0.98,-6.85,-7.14
62524200.0,0.94,-6.83,-7.17
62544224.0,0.98,-6.86,-7.12
62564244.0,0.95,-6.83,-7.15
62584264.0,0.99,-6.86,-7.14
62604280.0,0.99,-6.88,-7.14
62624320.0,0.94,-6.85,-7.14
62644364.0,0.94,-6.87,-7.1
62664376.0,0.95,-6.86,-7.15
62684416.0,0.96,-6.85,-7.16
62704432.0,0.97,-6.81,-7.13
62724464.0,0.98,-6.83,-7.16
62744488.0,0.98,-6.84,-7.15
62764496.0,0.95,-6.88,-7.15
62784508.0,0.97,-6.84,-7.15
62804536.0,0.99,-6.84,-7.11
62824576.0,0.97,-6.86,-7.13
62844584.0,1.01,-6.83,-7.13
62864616.0,0.96,-6.84,-7.21
62884644.0,0.96,-6.87,-7.05
62904660.0,0.98,-6.84,-7.09
62924668.0,1.01,-6.87,-7.1
62944680.0,1.02,-6.87,-7.15
62964720.0,0.99,-6.86,-7.15
62984756.0,0.95,-6.85,-7.09
63004760.0,1.0,-6.86,-7.14
63024756.0,0.95,-6.86,-7.16
63044804.0,0.93,-6.85,-7.19
63064832.0,0.96,-6.81,-7.13
63084884.0,0.96,-6.86,-7.14
63104892.0,0.97,-6.86,-7.13
63124896.0,0.98,-6.85,-7.18
63144908.0,0.96,-6.86,-7.13
63164948.0,0.96,-6.86,-7.08
63184956.0,1.01,-6.83,-7.18
63204968.0,0.97,-6.88,-7.14
63225016.0,0.95,-6.86,-7.19
63245044.0,0.98,-6.86,-7.16
63265072.0,0.99,-6.87,-7.14
63285072.0,0.95,-6.86,-7.09
63305088.0,1.0,-6.85,-7.22
63325120.0,0.98,-6.85,-7.13
63345164.0,0.94,-6.85,-7.1
63365172.0,0.96,-6.88,-7.14
63385184.0,0.96,-6.86,-7.21
63404620.0,0.96,-6.86,-7.21
63424676.0,0.93,-6.84,-7.13
63444684.0,0.99,-6.84,-7.14
63464704.0,0.98,-6.86,-7.14
63484720.0,0.96,-6.89,-7.13
63504752.0,0.98,-6.83,-7.18
63524772.0,1.0,-6.87,-7.11
63544792.0,0.94,-6.88,-7.13
63564816.0,0.97,-6.8,-7.15
63584836.0,0.97,-6.84,-7.16
63604888.0,1.0,-6.84,-7.15
63624908.0,1.03,-6.87,-7.19
63644928.0,0.98,-6.83,-7.15
63664932.0,0.97,-6.85,-7.18
63684952.0,1.0,-6.84,-7.11
63704976.0,0.98,-6.9,-7.16
63724988.0,0.98,-6.88,-7.11
63745012.0,0.99,-6.86,-7.16
63765040.0,0.94,-6.83,-7.14
63785084.0,0.97,-6.8,-7.11
63805088.0,0.94,-6.86,-7.14
63825112.0,0.95,-6.86,-7.14
63845144.0,0.91,-6.88,-7.17
63865176.0,1.0,-6.87,-7.13
63885200.0,0.99,-6.86,-7.1
63905216.0,0.99,-6.85,-7.19
63925232.0,0.97,-6.86,-7.12
63945256.0,0.98,-6.84,-7.16
63965296.0,0.95,-6.86,-7.19
63985300.0,1.01,-6.84,-7.15
64005340.0,0.99,-6.83,-7.15
64025352.0,0.97,-6.83,-7.18
64045384.0,0.97,-6.85,-7.15
64065396.0,0.98,-6.84,-7.13
64085412.0,0.96,-6.88,-7.1
64105432.0,0.98,-6.84,-7.15
64125452.0,0.98,-6.86,-7.14
64145492.0,0.96,-6.89,-7.18
64165496.0,0.95,-6.82,-7.24
64185540.0,0.93,-6.86,-7.16
64205560.0,0.93,-6.87,-7.12
64225584.0,0.96,-6.86,-7.09
64245596.0,0.97,-6.87,-7.13
64265624.0,0.92,-6.83,-7.15
64285640.0,0.96,-6.84,-7.17
64305660.0,0.96,-6.83,-7.14
64325692.0,0.97,-6.86,-7.13
64345696.0,0.97,-6.83,-7.18
64365736.0,1.01,-6.83,-7.1
64385752.0,0.98,-6.84,-7.09
64405764.0,1.01,-6.85,-7.17
64425788.0,0.96,-6.87,-7.2
64445804.0,0.98,-6.83,-7.15
64465796.0,0.97,-6.88,-7.14
64485812.0,0.96,-6.89,-7.16
64505848.0,0.97,-6.85,-7.18
64525884.0,0.96,-6.84,-7.18
64545928.0,0.95,-6.85,-7.21
64565944.0,0.96,-6.83,-7.15
64585976.0,0.96,-6.85,-7.12
64605996.0,0.97,-6.83,-7.15
64626020.0,0.95,-6.84,-7.19
64646032.0,0.96,-6.85,-7.13
64666044.0,0.98,-6.85,-7.14
64686076.0,0.96,-6.84,-7.16
64706100.0,0.98,-6.88,-7.16
64726144.0,0.97,-6.87,-7.2
64746156.0,0.98,-6.84,-7.16
64766184.0,0.95,-6.88,-7.15
64786208.0,0.97,-6.85,-7.16
64806224.0,1.0,-6.83,-7.05
64826232.0,0.95,-6.83,-7.2
64846248.0,0.94,-6.85,-7.12
64866260.0,0.97,-6.87,-7.13
64886296.0,0.96,-6.88,-7.12
64906328.0,0.91,-6.85,-7.14
64926348.0,0.95,-6.83,-7.13
64946372.0,0.94,-6.86,-7.1
64966392.0,0.96,-6.8,-7.13
64986408.0,0.95,-6.86,-7.13
65006404.0,1.01,-6.84,-7.16
65026456.0,0.96,-6.81,-7.12
65046484.0,0.92,-6.83,-7.19
65066508.0,0.95,-6.84,-7.11
65086544.0,0.94,-6.84,-7.13
65106556.0,0.98,-6.89,-7.16
65126580.0,0.98,-6.86,-7.13
65146588.0,1.0,-6.85,-7.18
65166608.0,0.97,-6.88,-7.12
65186628.0,0.95,-6.86,-7.11
65206664.0,0.94,-6.88,-7.14
65226692.0,0.98,-6.91,-7.13
65246740.0,0.99,-6.83,-7.14
65266780.0,0.94,-6.88,-7.17
65286784.0,0.96,-6.84,-7.16
65306824.0,0.98,-6.86,-7.14
65326852.0,0.97,-6.8,-7.14
65346876.0,0.98,-6.85,-7.16
65366888.0,1.01,-6.89,-7.18
65386916.0,0.96,-6.85,-7.15
65406936.0,0.98,-6.88,-7.13
65426968.0,0.95,-6.85,-7.13
65447008.0,0.95,-6.86,-7.15
65467016.0,0.99,-6.84,-7.11
65487044.0,0.96,-6.86,-7.19
65507072.0,0.97,-6.83,-7.17
65527100.0,0.96,-6.84,-7.13
65547096.0,0.98,-6.86,-7.13
65567120.0,0.99,-6.88,-7.15
65587144.0,0.98,-6.85,-7.17
65607160.0,0.95,-6.83,-7.13
65626584.0,0.95,-6.83,-7.13
65646620.0,1.02,-6.85,-7.14
65666636.0,0.99,-6.87,-7.11
65686692.0,0.96,-6.86,-7.13
65706712.0,1.0,-6.87,-7.09
65726708.0,0.94,-6.87,-7.14
65746728.0,0.98,-6.87,-7.14
65766740.0,0.94,-6.84,-7.19
65786736.0,0.97,-6.88,-7.14
65806760.0,0.98,-6.85,-7.14
65826784.0,0.97,-6.88,-7.11
65846816.0,0.96,-6.87,-7.12
65866848.0,1.0,-6.89,-7.13
65886848.0,0.95,-6.87,-7.11
65906876.0,0.97,-6.86,-7.09
65926900.0,1.0,-6.89,-7.14
65946924.0,0.93,-6.84,-7.16
65966928.0,0.97,-6.85,-7.1
65986948.0,0.98,-6.87,-7.14
66006968.0,0.98,-6.86,-7.15
66026992.0,0.93,-6.87,-7.14
66047020.0,0.91,-6.84,-7.18
66067040.0,0.95,-6.89,-7.16
66087072.0,0.94,-6.84,-7.19
66107088.0,0.95,-6.83,-7.14
66127100.0,0.97,-6.85,-7.09
66147108.0,0.98,-6.85,-7.21
66167136.0,0.99,-6.83,-7.14
66187152.0,0.96,-6.86,-7.15
66207168.0,0.97,-6.84,-7.13
66227192.0,0.98,-6.87,-7.12
66247220.0,0.97,-6.84,-7.13
66267264.0,0.98,-6.88,-7.16
